FUNDED_ROW	slay06m	357	1080	4025	4025	0.253194
FUNDED_ROW	sssd25-08	401	1200	5389	5389	0.229938
FUNDED_ROW	rsyn0810m04m	4772	13836	147553	113458	0.440859
FUNDED_ROW	pooling_sppc3pq	23173	893724	1153877333	325595394	0.563192
FUNDED_ROW	sporttournament48	1131	6676	919582	594138	0.436431
FUNDED_ROW	pooling_sppa9pq	5030	120730	23971280	15130622	0.293051
FUNDED_ROW	edgecross10-090	1053	5204	126115	103179	0.250609
FUNDED_ROW	maxcsp-ehi-85-297-71	2372	207996	1381768944	1110971341	0.198485
FUNDED_ROW	st_bpaf1a	30	120	623	580	0.186183
FUNDED_ROW	risk2bpb	1462	5396	118471	66041	0.399417
FUNDED_ROW	qap	255	43748	3802533	3650113	0.116330
FUNDED_ROW	rsyn0830m04m	7252	20752	212130	171680	0.410287
FUNDED_ROW	lop97icx	1073	2118	79286	64044	0.234037
FUNDED_ROW	chain400	1201	4796	16382	16382	0.192376
FUNDED_ROW	mpbp_07	9532	30810	1368477	1248947	0.560059
FUNDED_ROW	sonetgr17	440	2958	37814	30971	0.301569
FUNDED_ROW	p_ball_30b_7p_2d_h	2207	7516	42456	42319	0.354305
FUNDED_ROW	pinene200	19995	97990	1358716	1134463	0.487211
FUNDED_ROW	unitcommit_200_100_1_mod_8	146830	476332	3053940	2981835	0.308239
FUNDED_ROW	ex8_3_9	123	834	15050	11503	0.285026
FUNDED_ROW	rsyn0820m02m	2486	6932	38190	35631	0.403693
FUNDED_ROW	p_ball_10b_5p_2d_m	293	964	6648	6547	0.272614
FUNDED_ROW	pooling_adhya4tp	170	936	26842	20581	0.213564
FUNDED_ROW	squfl015-080persp	7295	21600	74520	74520	0.221809
FUNDED_ROW	edgecross10-080	1053	5940	170814	164639	0.260993
FUNDED_ROW	clay0204hfsg	590	1696	7198	6562	0.261650
FUNDED_ROW	st_bsj2	13	40	143	114	0.144000
FUNDED_ROW	chimera_mgw-c8-439-onc8-002	440	3038	97870	86464	0.363555
FUNDED_ROW	batchs201210m	5188	17910	349298	303381	0.507743
FUNDED_ROW	rsyn0815m04m	5456	15756	184352	143458	0.485489
FUNDED_ROW	syn40m	560	1528	5007	4829	0.259675
FUNDED_ROW	knp5-44	2157	32604	3764003	3764003	0.212571
FUNDED_ROW	ex1263a	94	390	2098	2098	0.230759
FUNDED_ROW	st_e41	8	32	88	88	0.000001
FUNDED_ROW	squfl025-030	2305	6000	42305	42305	0.275854
FUNDED_ROW	wastewater05m1	98	536	11690	8036	0.251488
FUNDED_ROW	cvxnonsep_psig20	20	380	2870	2870	0.000003
FUNDED_ROW	meanvar-orl400_05_e_8	4405	171604	21923414	21922611	0.174320
FUNDED_ROW	st_e31	301	744	4534	4257	0.253085
FUNDED_ROW	pooling_sppc1pq	14100	477680	812210652	136686008	0.311575
FUNDED_ROW	pooling_haverly1pq	31	96	412	403	0.189570
FUNDED_ROW	graphpart_3g-0244-0244	128	672	33446	32534	0.225926
FUNDED_ROW	graphpart_clique-20	80	1260	34885	27856	0.226059
FUNDED_ROW	mpbp_48	28368	91016	33835023	16144599	0.593954
FUNDED_ROW	pooling_sppb5pq	18529	674470	523815053	213571545	0.457869
FUNDED_ROW	slay07m	497	1512	5740	5740	0.255017
FUNDED_ROW	nvs19	24	200	1353	884	0.000003
FUNDED_ROW	oil	3270	8430	36313	34760	0.386762
FUNDED_ROW	squfl015-060	2775	7200	36400	36400	0.298072
FUNDED_ROW	ndcc12persp	1112	5522	299115	284793	0.343437
FUNDED_ROW	kissing2	20772	401024	156414018	156414018	0.326667
FUNDED_ROW	nuclear25a	1942	16030	1977163	1136191	0.412019
FUNDED_ROW	clay0204m	222	704	2330	2330	0.254758
FUNDED_ROW	st_ph13	23	68	207	178	0.121577
FUNDED_ROW	edgecross10-030	1053	4654	135854	100080	0.333794
FUNDED_ROW	chain200	601	2396	8182	8182	0.227410
FUNDED_ROW	ex1223b	25	66	178	178	0.145620
FUNDED_ROW	slay09h	2718	7488	36057	32385	0.371662
FUNDED_ROW	ndcc12	974	5982	345696	329556	0.425111
FUNDED_ROW	kall_circlesrectangles_c6r39	1306	5378	75744	74610	0.345659
FUNDED_ROW	squfl020-150	9170	24000	135020	135020	0.381096
FUNDED_ROW	autocorr_bern40-30	43	1534	20034	20034	0.000009
FUNDED_ROW	slay08m	660	2016	7796	7796	0.270223
FUNDED_ROW	chimera_mgw-c16-2031-01	2032	15900	3328073	2565876	0.443358
FUNDED_ROW	forest	713	2658	10614	10543	0.347592
FUNDED_ROW	qspp_0_10_0_1_10_1	280	29636	1942907	1932414	0.139253
FUNDED_ROW	st_ph1	16	58	274	233	0.157500
FUNDED_ROW	elf	124	376	2733	2173	0.236395
FUNDED_ROW	ex3_1_3	18	36	90	83	0.128435
FUNDED_ROW	cvxnonsep_normcon40r	162	322	645	645	0.000002
FUNDED_ROW	demo7	155	618	3579	3426	0.277855
FUNDED_ROW	waternd2	615	2580	155674	74817	0.324811
FUNDED_ROW	prolog	64	292	1245	1225	0.238239
FUNDED_ROW	ex14_1_8	11	30	80	80	0.105064
FUNDED_ROW	faclay75	272878	1379706	3204527350	3013800414	0.435008
FUNDED_ROW	st_qpk3	55	548	5467	3762	0.152096
FUNDED_ROW	mpbp_34	11556	40860	3093917	891674	0.415928
FUNDED_ROW	cvxnonsep_normcon20r	82	162	325	325	0.000003
FUNDED_ROW	cvxnonsep_psig20r	86	170	341	341	0.000001
FUNDED_ROW	crudeoil_pooling_dt2	18742	75910	14985540	9947932	0.455126
FUNDED_ROW	rsyn0805m03m	2868	8270	60979	54853	0.534465
FUNDED_ROW	st_iqpbk1	22	98	295	295	0.000003
FUNDED_ROW	waterund01	96	404	4546	3317	0.288408
FUNDED_ROW	pointpack04	29	120	577	577	0.174252
FUNDED_ROW	st_e22	12	30	77	70	0.099378
FUNDED_ROW	faclay30	16678	82242	13452923	12850431	0.339490
FUNDED_ROW	arki0002	4432	11248	683476	667374	0.345537
FUNDED_ROW	transswitch0300p	11659	48446	404940	377741	0.537456
FUNDED_ROW	crudeoil_pooling_dt3	30660	152210	48975085	33883414	0.552957
FUNDED_ROW	gasprod_sarawak81	22536	75636	1030380	941231	0.488263
FUNDED_ROW	maxcsp-langford-3-11	660	29646	33444033	10360919	0.309003
FUNDED_ROW	p_ball_30b_5p_2d_h	1543	5224	25843	25742	0.264952
FUNDED_ROW	ringpack_20_3	6709	45220	2415136	865627	0.350218
FUNDED_ROW	waste	4825	21504	1468261	1270649	0.481814
FUNDED_ROW	catmix400	2001	11192	36373	36364	0.203177
FUNDED_ROW	rsyn0815m02hfsg	3054	7968	44604	41416	0.392734
FUNDED_ROW	p_ball_10b_7p_3d_h	1236	4186	24380	23744	0.271388
FUNDED_ROW	chimera_k64ising-02	1225	3846	613390	371142	0.491979
FUNDED_ROW	batchs121208m	3404	11462	138030	128816	0.439062
FUNDED_ROW	nvs02	11	46	142	142	0.141452
FUNDED_ROW	wastepaper6	191	1416	16611	16611	0.263266
FUNDED_ROW	syn15hfsg	399	1022	3300	3272	0.240340
FUNDED_ROW	st_jcbpaf2	36	246	1635	1543	0.177391
FUNDED_ROW	camshape400	2000	7188	16768	16768	0.000038
FUNDED_ROW	graphpart_clique-30	120	2790	114505	91153	0.238837
FUNDED_ROW	graphpart_clique-70	280	14910	1413012	1144894	0.180394
FUNDED_ROW	smallinvDAXr1b010-011	39	1120	13510	13319	0.000006
FUNDED_ROW	nd_netgen-2000-3-4-b-a-ns_7	22074	60000	289420	273394	0.284796
FUNDED_ROW	slay05m	240	720	2635	2635	0.252298
FUNDED_ROW	chimera_selby-c16-01	2031	10964	3605628	2421342	0.520162
FUNDED_ROW	csched1	110	376	975	975	0.238162
FUNDED_ROW	watercontamination0303r	1310	37028	2171882	2171882	0.113570
FUNDED_ROW	ex9_2_4	15	36	117	117	0.109737
FUNDED_ROW	sssd15-04	163	440	1625	1625	0.183087
FUNDED_ROW	autocorr_bern35-35fix	38	1264	16214	16214	0.000008
FUNDED_ROW	sfacloc2_4_90	1491	4500	31682	28843	0.307634
FUNDED_ROW	cont6-qq	120395	557994	835894090	581918900	0.210796
FUNDED_ROW	meanvar-orl400_05_e_7	5205	174804	21939414	21935811	0.166585
FUNDED_ROW	glider400	10017	49624	373018	327531	0.268977
FUNDED_ROW	syn40m04m	4960	13792	65982	63265	0.450349
FUNDED_ROW	ex2_1_3	31	72	189	189	0.148917
FUNDED_ROW	qapw	705	87496	12183146	12183146	0.407466
FUNDED_ROW	himmel11	14	60	198	198	0.142565
FUNDED_ROW	syn15m04m	1908	5288	26094	25061	0.292111
FUNDED_ROW	pooling_rt2tp	118	654	5876	5796	0.250046
FUNDED_ROW	waterund14	333	2204	200484	72184	0.281523
FUNDED_ROW	crudeoil_lee4_10	17809	120632	294531623	184173410	0.726688
FUNDED_ROW	pooling_foulds4pq	1294	8302	138692	138540	0.354134
FUNDED_ROW	edgecross14-156	3097	19664	1487933	1376964	0.279334
FUNDED_ROW	tspn08	72	668	11074	7600	0.211958
FUNDED_ROW	crudeoil_li05	4225	14628	680022	533531	0.436520
FUNDED_ROW	procurement1large	14416	41068	13858240	7376882	0.466143
FUNDED_ROW	blend721	1428	4548	77560	66143	0.287541
FUNDED_ROW	chimera_selby-c16-02	2031	10878	4280329	2298935	0.520544
FUNDED_ROW	supplychainr1_053050	16640	57800	2173490	2173490	0.294212
FUNDED_ROW	sfacloc2_4_80	5067	21424	93048	88884	0.535353
FUNDED_ROW	st_e24	10	26	64	57	0.000002
FUNDED_ROW	edgecross10-040	1053	5116	161851	143518	0.273726
FUNDED_ROW	sonet21v6	8232	40744	1643311	1585871	0.327091
FUNDED_ROW	squfl010-080	2490	6400	27665	27665	0.274978
FUNDED_ROW	genpooling_lee2	221	1048	19895	14028	0.247711
FUNDED_ROW	popdynm25	2807	13904	360081	286812	0.470712
FUNDED_ROW	chp_partload	5211	16740	509170	373797	0.579847
FUNDED_ROW	qspp_0_14_0_1_10_1	560	120274	16119226	16038266	0.193089
FUNDED_ROW	st_glmp_ss1	24	66	160	160	0.128364
FUNDED_ROW	torsion50	2508	29808	1691033	1119054	0.359011
FUNDED_ROW	st_rv2	40	340	2045	2045	0.202631
FUNDED_ROW	emfl100_3_3	6885	15948	55506	55506	0.196701
FUNDED_ROW	pedigree_sim400	351	23546	1183471	1183168	0.000079
FUNDED_ROW	polygon75	5846	49652	1171822	1171822	0.000205
FUNDED_ROW	gabriel10	244056	1148210	1365442310	1267760679	0.418923
FUNDED_ROW	fo9_ar25_1	1049	4336	41668	38237	0.257429
FUNDED_ROW	rsyn0840m	1159	3168	11274	10602	0.275097
FUNDED_ROW	gancns	548	2800	69234	58861	0.347062
FUNDED_ROW	o9_ar4_1	1049	4336	41668	38237	0.253414
FUNDED_ROW	ex1265a	123	560	3948	3750	0.294866
FUNDED_ROW	ex9_2_6	28	68	190	190	0.143343
FUNDED_ROW	qspp_0_13_0_1_10_1	481	88522	10150185	10097446	0.150924
FUNDED_ROW	slay04m	146	432	1554	1554	0.211496
FUNDED_ROW	st_e25	20	92	336	262	0.000002
FUNDED_ROW	ex8_4_1	32	100	225	225	0.201378
FUNDED_ROW	st_e07	19	60	199	199	0.181669
FUNDED_ROW	ex1225	26	66	171	161	0.141027
FUNDED_ROW	ndcc13	969	5882	525212	324727	0.429212
FUNDED_ROW	syn10m04m	1224	3384	13501	13473	0.239356
FUNDED_ROW	ex5_2_4	18	62	204	193	0.171915
FUNDED_ROW	st_m2	72	1226	16331	16331	0.207257
FUNDED_ROW	st_bpk1	16	44	115	108	0.124392
FUNDED_ROW	multiplants_stg1	736	3594	197998	155496	0.434285
FUNDED_ROW	powerflow0300p	11251	41918	304705	292101	0.517823
FUNDED_ROW	nd_netgen-3000-1-1-b-b-ns_7	33155	90000	922197	885186	0.384937
FUNDED_ROW	sonet23v4	803	6462	139703	94348	0.409927
FUNDED_ROW	pooling_sppa0pq	1649	24192	3745896	1214182	0.325378
FUNDED_ROW	multiplants_mtg1b	645	4404	229415	152043	0.433716
FUNDED_ROW	sssd18-08persp	338	1168	4654	4654	0.275157
FUNDED_ROW	ex9_1_2	19	54	188	179	0.139234
FUNDED_ROW	crudeoil_lee1_07	3670	19322	4746188	3513213	0.575429
FUNDED_ROW	pooling_haverly1tp	31	96	423	403	0.189740
FUNDED_ROW	waterund08	230	1290	35284	30110	0.227515
FUNDED_ROW	kall_diffcircles_6	76	302	1511	1511	0.184801
FUNDED_ROW	chimera_mgw-c8-439-onc8-001	440	3040	106479	80090	0.367456
FUNDED_ROW	waterund11	160	828	14818	10705	0.270205
FUNDED_ROW	chp_shorttermplan2d	16364	52108	4089003	2104724	0.496944
FUNDED_ROW	sporttournament18	156	886	17568	13608	0.312426
FUNDED_ROW	cvxnonsep_psig30	30	870	9455	9455	0.000005
FUNDED_ROW	ringpack_20_2	6089	40368	1872174	707413	0.324049
FUNDED_ROW	blend718	1386	4310	70355	61466	0.293075
FUNDED_ROW	wastepaper4	115	724	9711	7183	0.288127
FUNDED_ROW	squfl010-040persp	2450	7200	22825	22825	0.276119
FUNDED_ROW	crudeoil_lee4_06	10429	55492	65337120	32834025	0.668165
FUNDED_ROW	netmod_kar1	1746	4928	56838	43864	0.424962
FUNDED_ROW	ex8_1_7	14	46	137	128	0.147300
FUNDED_ROW	graphpart_3g-0333-0333	108	648	44928	36228	0.202557
FUNDED_ROW	slay05h	760	2080	9815	8795	0.280116
FUNDED_ROW	korcns	156	712	7241	6599	0.300334
FUNDED_ROW	powerflow0118p	5065	18730	121503	117327	0.507603
FUNDED_ROW	sfacloc2_3_80	4799	20600	84672	81119	0.560446
FUNDED_ROW	rsyn0820m04m	6028	17372	196890	152980	0.409800
FUNDED_ROW	hydroenergy1	1046	3024	14089	14089	0.222935
FUNDED_ROW	maxmin	181	1440	8405	8405	0.203411
FUNDED_ROW	st_ht	8	18	51	44	0.106123
FUNDED_ROW	crudeoil_lee2_06	6418	34646	23299675	16574163	0.630547
FUNDED_ROW	kan_r3_h1_n4	3183	14062	104945	98715	0.362572
FUNDED_ROW	primary	378	5610	109639	95258	0.260084
FUNDED_ROW	syn10m03hfsg	1071	2772	9890	9812	0.248204
FUNDED_ROW	wastewater02m1	36	138	848	790	0.214118
FUNDED_ROW	supplychainr1_022020	4620	15680	273140	273100	0.319643
FUNDED_ROW	squfl025-025persp	3800	11250	49925	49925	0.208526
FUNDED_ROW	ringpack_30_2	17999	121458	12394600	2873684	0.602631
FUNDED_ROW	nuclear104	39098	257806	103156931	78332024	0.731966
FUNDED_ROW	chp_shorttermplan1a	4952	15700	376486	301258	0.470363
FUNDED_ROW	rocket50	555	3488	19983	19265	0.371203
FUNDED_ROW	rsyn0840m04m	8508	24272	229914	186241	0.528951
FUNDED_ROW	mpbp_21	11716	37660	1691114	1456963	0.466351
FUNDED_ROW	orth_d4m6_pl	172	1096	10938	10703	0.229018
FUNDED_ROW	kall_circlespolygons_c1p5b	1681	7432	201759	193841	0.358645
FUNDED_ROW	acopf_case9241pegase_qcqp	313068	1292408	34647355	33736789	0.348641
FUNDED_ROW	ex1223	33	82	244	244	0.158575
FUNDED_ROW	ex6_1_4	10	48	197	153	0.153526
FUNDED_ROW	powerflow0014r	403	1630	10761	10361	0.293119
FUNDED_ROW	knp5-43	2065	31132	3517788	3517788	0.204110
FUNDED_ROW	gabriel09	21688	89702	29373994	26366112	0.521494
FUNDED_ROW	tln2	32	88	233	233	0.149812
FUNDED_ROW	prob02	22	76	267	232	0.174849
FUNDED_ROW	blend146	1422	4460	78102	64296	0.298343
FUNDED_ROW	mpbp_46	4518	14492	499547	447643	0.394585
FUNDED_ROW	tls6	413	2860	18483	17511	0.326831
FUNDED_ROW	emfl100_5_5	21925	52300	221650	221650	0.309601
FUNDED_ROW	qspp_0_11_0_1_10_1	341	44264	3563707	3531915	0.127420
FUNDED_ROW	p_ball_10b_5p_4d_m	403	1484	13581	13288	0.269148
FUNDED_ROW	st_rv9	90	840	6691	6321	0.241016
FUNDED_ROW	rsyn0840m02m	3486	9576	47529	44981	0.367641
FUNDED_ROW	nvs05	22	84	277	266	0.176934
FUNDED_ROW	autocorr_bern25-19	28	612	5278	5278	0.000005
FUNDED_ROW	sssd20-08persp	356	1232	4960	4960	0.278355
FUNDED_ROW	multiplants_stg5	827	3804	377794	155722	0.456761
FUNDED_ROW	chimera_rfr-02	2032	15140	3860441	2487310	0.484447
FUNDED_ROW	multiplants_stg1a	726	3510	142058	121443	0.436680
FUNDED_ROW	pooling_adhya4pq	170	932	24314	16556	0.238211
FUNDED_ROW	nuclear10a	17493	163816	82406325	55754381	0.561141
FUNDED_ROW	sonet24v5	874	7260	185654	110276	0.427293
FUNDED_ROW	transswitch2736spr	69651	331010	7933133	7281507	0.282133
FUNDED_ROW	chp_shorttermplan2a	8992	26288	821014	576395	0.390441
FUNDED_ROW	catmix200	1001	5592	18173	18164	0.229073
FUNDED_ROW	nvs23	27	252	1921	1221	0.000004
FUNDED_ROW	oaer	20	40	107	107	0.126227
FUNDED_ROW	hybriddynamic_fixed	168	388	1103	1103	0.183435
FUNDED_ROW	edgecross24-115	16747	77352	35096942	27935538	0.431883
FUNDED_ROW	space25	1178	4334	23567	22528	0.261204
FUNDED_ROW	methanol400	23999	151728	2586036	1864047	0.400065
FUNDED_ROW	pooling_foulds5tp	1218	8364	251833	171941	0.406533
FUNDED_ROW	pooling_sppa9tp	5040	121302	104609262	16877457	0.463137
FUNDED_ROW	st_miqp2	10	18	37	37	0.000001
FUNDED_ROW	autocorr_bern30-23	33	878	8940	8940	0.000006
FUNDED_ROW	mpbp_15	9858	31692	1496502	1185325	0.532418
FUNDED_ROW	cvxnonsep_psig30r	126	250	501	501	0.000003
FUNDED_ROW	rsyn0830hfsg	1590	4100	16168	15383	0.332507
FUNDED_ROW	crudeoil_pooling_ct1	1271	4642	125127	93863	0.429349
FUNDED_ROW	multiplants_stg1c	800	3894	150039	143020	0.443290
FUNDED_ROW	st_pan1	11	32	123	94	0.111073
FUNDED_ROW	multiplants_stg1b	814	3992	308612	187593	0.474546
FUNDED_ROW	methanol200	11999	76128	1290836	905945	0.413024
FUNDED_ROW	faclay35	26778	132380	33630126	32021838	0.452982
FUNDED_ROW	emfl050_5_5	13175	32300	155400	155400	0.192193
FUNDED_ROW	transswitch2383wpr	59853	277562	3946309	3861509	0.376330
FUNDED_ROW	chimera_lga-01	1120	6400	668019	497101	0.393631
FUNDED_ROW	gasprod_sarawak16	4596	15316	213850	196064	0.505786
FUNDED_ROW	crudeoil_lee4_09	15904	101792	208785578	130655525	0.728288
FUNDED_ROW	arki0013	44909	160172	390472987	157005417	0.627294
FUNDED_ROW	st_m1	42	432	3097	3097	0.169120
FUNDED_ROW	mpbp_47	5310	17098	730624	652248	0.511517
FUNDED_ROW	rsyn0815m	821	2242	8260	7745	0.352511
FUNDED_ROW	arki0016	7993	37208	878890	835803	0.718881
FUNDED_ROW	st_glmp_ss2	18	48	121	121	0.127823
FUNDED_ROW	rsyn0810m02hfsg	2670	6964	36862	34753	0.478634
FUNDED_ROW	pointpack06	55	276	1497	1497	0.175466
FUNDED_ROW	syn40m04hfsg	6328	16896	76232	73685	0.267139
FUNDED_ROW	clay0304m	258	840	2742	2742	0.250535
FUNDED_ROW	pooling_foulds5pq	1218	8300	159641	159641	0.322695
FUNDED_ROW	clay0305hfsg	1000	2910	12260	11240	0.339581
FUNDED_ROW	st_test8	64	232	2343	1964	0.237684
FUNDED_ROW	gams05	17364	252910	6179750712	3259322396	0.675089
FUNDED_ROW	sporttournament08	31	156	862	862	0.197669
FUNDED_ROW	powerflow0030p	1121	4194	24944	23642	0.304085
FUNDED_ROW	popdynm200	22407	105584	2567878	2436690	0.573752
FUNDED_ROW	mpbp_35	11120	40790	3037207	976558	0.514318
FUNDED_ROW	syn30m02m	1492	3936	13752	13455	0.326248
FUNDED_ROW	wastewater13m1	481	3252	60135	60068	0.289911
FUNDED_ROW	syn40hfsg	1022	2624	8432	8155	0.261312
FUNDED_ROW	sep1	69	206	1097	1047	0.168045
FUNDED_ROW	syn30m03m	2508	6804	26806	26552	0.360658
FUNDED_ROW	st_qpc-m3a	30	304	2330	1574	0.000004
FUNDED_ROW	crudeoil_pooling_ct3	2644	11426	1381490	866223	0.538060
FUNDED_ROW	space25a	634	3246	29078	27875	0.340836
FUNDED_ROW	autocorr_bern20-15	23	394	2784	2784	0.000004
FUNDED_ROW	ex7_2_1	35	134	352	341	0.198658
FUNDED_ROW	hydroenergy2	2092	6236	69051	56014	0.498988
FUNDED_ROW	pooling_digabel19	514	5340	325989	274903	0.312651
FUNDED_ROW	clay0203m	132	420	1348	1348	0.257820
FUNDED_ROW	squfl030-150	13680	36000	252605	252605	0.260953
FUNDED_TOTAL score=0.791703147252 seconds=89.283527 max=0.731966
