COMPACT_CORE_WORK	357	147	603	8000000	0.002165	4025
COMPACT_ROW	slay06m	357	1080	4025	4025	4025	1113
COMPACT_CORE_WORK	401	345	1237	8000000	0.002018	5389
COMPACT_ROW	sssd25-08	401	1200	5389	5389	5389	1325
COMPACT_CORE_WORK	4772	2612	12756	17011936	0.002936	113458
COMPACT_ROW	rsyn0810m04m	4772	13836	147553	113458	113458	17276
COMPACT_ROW	pooling_sppc3pq	23173	893724	1153877333	325595394	325595394	1305528
COMPACT_ROW	sporttournament48	1131	6676	919582	594138	594138	20480
COMPACT_ROW	pooling_sppa9pq	5030	120730	23971280	15130622	15130622	152488
COMPACT_CORE_WORK	1053	571	4581	8000000	0.001966	103179
COMPACT_ROW	edgecross10-090	1053	5204	126115	103179	103179	5545
COMPACT_ROW	maxcsp-ehi-85-297-71	2372	207996	1381768944	1110971341	1110971341	1294981
COMPACT_ROW	st_bpaf1a	30	120	623	580	580	120
COMPACT_CORE_WORK	1462	628	4711	8000000	0.001809	66041
COMPACT_ROW	risk2bpb	1462	5396	118471	66041	66041	6655
COMPACT_ROW	qap	255	43748	3802533	3650113	3650113	25541
COMPACT_CORE_WORK	7252	3880	18617	35063720	0.007401	171680
COMPACT_ROW	rsyn0830m04m	7252	20752	212130	171680	171680	25680
COMPACT_CORE_WORK	1073	155	2597	8000000	0.001684	64044
COMPACT_ROW	lop97icx	1073	2118	79286	64044	64044	3950
COMPACT_CORE_WORK	1201	800	2796	8000000	0.001777	16382
COMPACT_ROW	chain400	1201	4796	16382	16382	16382	4398
COMPACT_CORE_WORK	9532	5704	47925	121261728	0.017012	1248947
COMPACT_ROW	mpbp_07	9532	30810	1368477	1248947	1248947	55603
COMPACT_CORE_WORK	440	301	2526	8000000	0.001936	30971
COMPACT_ROW	sonetgr17	440	2958	37814	30971	30971	2807
COMPACT_CORE_WORK	2207	1415	6145	8000000	0.001453	42319
COMPACT_ROW	p_ball_30b_7p_2d_h	2207	7516	42456	42319	42319	7771
COMPACT_ROW	pinene200	19995	97990	1358716	1134463	1134463	133427
COMPACT_ROW	unitcommit_200_100_1_mod_8	146830	476332	3053940	2981835	2981835	498723
COMPACT_CORE_WORK	123	91	888	8000000	0.002121	11503
COMPACT_ROW	ex8_3_9	123	834	15050	11503	11503	1019
COMPACT_CORE_WORK	2486	1364	5747	8000000	0.001264	35631
COMPACT_ROW	rsyn0820m02m	2486	6932	38190	35631	35631	8131
COMPACT_CORE_WORK	293	119	667	8000000	0.002362	6547
COMPACT_ROW	p_ball_10b_5p_2d_m	293	964	6648	6547	6547	1135
COMPACT_CORE_WORK	170	93	1287	8000000	0.001802	20581
COMPACT_ROW	pooling_adhya4tp	170	936	26842	20581	20581	1459
COMPACT_CORE_WORK	7295	2495	9800	12933520	0.003954	74520
COMPACT_ROW	squfl015-080persp	7295	21600	74520	74520	74520	20600
COMPACT_CORE_WORK	1053	571	5283	8000000	0.001886	164639
COMPACT_ROW	edgecross10-080	1053	5940	170814	164639	164639	6247
COMPACT_CORE_WORK	590	272	1112	8000000	0.002187	6562
COMPACT_ROW	clay0204hfsg	590	1696	7198	6562	6562	1858
COMPACT_ROW	st_bsj2	13	40	143	114	114	36
COMPACT_CORE_WORK	440	418	5271	8000000	0.001612	86464
COMPACT_ROW	chimera_mgw-c8-439-onc8-002	440	3038	97870	86464	86464	5210
COMPACT_CORE_WORK	5188	2645	16275	21554880	0.004389	303381
COMPACT_ROW	batchs201210m	5188	17910	349298	303381	303381	21409
COMPACT_CORE_WORK	5456	2966	14886	22211248	0.004718	143458
COMPACT_ROW	rsyn0815m04m	5456	15756	184352	143458	143458	20102
COMPACT_CORE_WORK	560	291	1023	8000000	0.002257	4829
COMPACT_ROW	syn40m	560	1528	5007	4829	4829	1585
COMPACT_ROW	knp5-44	2157	32604	3764003	3764003	3764003	38039
COMPACT_CORE_WORK	94	59	322	8000000	0.002583	2098
COMPACT_ROW	ex1263a	94	390	2098	2098	2098	392
COMPACT_ROW	st_e41	8	32	88	88	88	24
COMPACT_CORE_WORK	2305	805	3355	8000000	0.001607	42305
COMPACT_ROW	squfl025-030	2305	6000	42305	42305	42305	7105
COMPACT_CORE_WORK	98	62	537	8000000	0.002141	8036
COMPACT_ROW	wastewater05m1	98	536	11690	8036	8036	722
COMPACT_ROW	cvxnonsep_psig20	20	380	2870	2870	2870	210
COMPACT_ROW	meanvar-orl400_05_e_8	4405	171604	21923414	21922611	21922611	91407
COMPACT_CORE_WORK	301	163	655	8000000	0.002503	4257
COMPACT_ROW	st_e31	301	744	4534	4257	4257	983
COMPACT_ROW	pooling_sppc1pq	14100	477680	812210652	136686008	136686008	761724
COMPACT_ROW	pooling_haverly1pq	31	96	412	403	403	105
COMPACT_CORE_WORK	128	96	1480	8000000	0.001856	32534
COMPACT_ROW	graphpart_3g-0244-0244	128	672	33446	32534	32534	1608
COMPACT_ROW	graphpart_clique-20	80	1260	34885	27856	27856	1384
COMPACT_ROW	mpbp_48	28368	91016	33835023	16144599	16144599	218431
COMPACT_ROW	pooling_sppb5pq	18529	674470	523815053	213571545	213571545	857699
COMPACT_CORE_WORK	497	203	840	8000000	0.001792	5740
COMPACT_ROW	slay07m	497	1512	5740	5740	5740	1554
COMPACT_ROW	nvs19	24	200	1353	884	884	124
COMPACT_CORE_WORK	3270	1687	6029	8000000	0.002366	34760
COMPACT_ROW	oil	3270	8430	36313	34760	34760	9956
COMPACT_CORE_WORK	2775	975	3780	8000000	0.001533	36400
COMPACT_ROW	squfl015-060	2775	7200	36400	36400	36400	8280
COMPACT_CORE_WORK	1112	961	10465	8000000	0.001509	284793
COMPACT_ROW	ndcc12persp	1112	5522	299115	284793	284793	10779
COMPACT_ROW	kissing2	20772	401024	156414018	156414018	156414018	482006
COMPACT_ROW	nuclear25a	1942	16030	1977163	1136191	1136191	28193
COMPACT_CORE_WORK	222	102	402	8000000	0.002339	2330
COMPACT_ROW	clay0204m	222	704	2330	2330	2330	682
COMPACT_ROW	st_ph13	23	68	207	178	178	60
COMPACT_CORE_WORK	1053	571	4572	8000000	0.001467	100080
COMPACT_ROW	edgecross10-030	1053	4654	135854	100080	100080	5536
COMPACT_CORE_WORK	601	400	1396	8000000	0.001976	8182
COMPACT_ROW	chain200	601	2396	8182	8182	8182	2198
COMPACT_ROW	ex1223b	25	66	178	178	178	64
COMPACT_CORE_WORK	2718	1170	4923	8000000	0.001444	32385
COMPACT_ROW	slay09h	2718	7488	36057	32385	32385	8703
COMPACT_CORE_WORK	974	902	11704	8000000	0.001431	329556
COMPACT_ROW	ndcc12	974	5982	345696	329556	329556	12112
COMPACT_CORE_WORK	1306	924	6771	8000000	0.001735	74610
COMPACT_ROW	kall_circlesrectangles_c6r39	1306	5378	75744	74610	74610	7868
COMPACT_CORE_WORK	9170	3170	12360	20152000	0.007371	135020
COMPACT_ROW	squfl020-150	9170	24000	135020	135020	135020	27360
COMPACT_ROW	autocorr_bern40-30	43	1534	20034	20034	20034	810
COMPACT_CORE_WORK	660	268	1116	8000000	0.001672	7796
COMPACT_ROW	slay08m	660	2016	7796	7796	7796	2068
COMPACT_ROW	chimera_mgw-c16-2031-01	2032	15900	3328073	2565876	2565876	53470
COMPACT_CORE_WORK	713	404	1764	8000000	0.002109	10543
COMPACT_ROW	forest	713	2658	10614	10543	10543	2445
COMPACT_ROW	qspp_0_10_0_1_10_1	280	29636	1942907	1932414	1932414	16660
COMPACT_ROW	st_ph1	16	58	274	233	233	55
COMPACT_CORE_WORK	124	41	245	8000000	0.002180	2173
COMPACT_ROW	elf	124	376	2733	2173	2173	441
COMPACT_ROW	ex3_1_3	18	36	90	83	83	37
COMPACT_ROW	cvxnonsep_normcon40r	162	322	645	645	645	323
COMPACT_CORE_WORK	155	66	394	8000000	0.002213	3426
COMPACT_ROW	demo7	155	618	3579	3426	3426	620
COMPACT_ROW	waternd2	615	2580	155674	74817	74817	4059
COMPACT_CORE_WORK	64	42	213	8000000	0.002519	1225
COMPACT_ROW	prolog	64	292	1245	1225	1225	257
COMPACT_ROW	ex14_1_8	11	30	80	80	80	28
COMPACT_ROW	faclay75	272878	1379706	3204527350	3013800414	3013800414	3449330
COMPACT_ROW	st_qpk3	55	548	5467	3762	3762	374
COMPACT_ROW	mpbp_34	11556	40860	3093917	891674	891674	62446
COMPACT_ROW	cvxnonsep_normcon20r	82	162	325	325	325	163
COMPACT_ROW	cvxnonsep_psig20r	86	170	341	341	341	171
COMPACT_ROW	crudeoil_pooling_dt2	18742	75910	14985540	9947932	9947932	174214
COMPACT_CORE_WORK	2868	1596	7444	8000000	0.002767	54853
COMPACT_ROW	rsyn0805m03m	2868	8270	60979	54853	54853	10111
COMPACT_ROW	st_iqpbk1	22	98	295	295	295	71
COMPACT_CORE_WORK	96	47	275	8000000	0.001976	3317
COMPACT_ROW	waterund01	96	404	4546	3317	3317	457
COMPACT_ROW	pointpack04	29	120	577	577	577	113
COMPACT_ROW	st_e22	12	30	77	70	70	28
COMPACT_ROW	faclay30	16678	82242	13452923	12850431	12850431	116585
COMPACT_CORE_WORK	4432	2608	22529	28345224	0.006679	667374
COMPACT_ROW	arki0002	4432	11248	683476	667374	667374	27906
COMPACT_CORE_WORK	11659	6750	40259	122248480	0.015796	377741
COMPACT_ROW	transswitch0300p	11659	48446	404940	377741	377741	51785
COMPACT_ROW	crudeoil_pooling_dt3	30660	152210	48975085	33883414	33883414	471330
COMPACT_ROW	gasprod_sarawak81	22536	75636	1030380	941231	941231	110997
COMPACT_ROW	maxcsp-langford-3-11	660	29646	33444033	10360919	10360919	72709
COMPACT_CORE_WORK	1543	999	4262	8000000	0.001525	25742
COMPACT_ROW	p_ball_30b_5p_2d_h	1543	5224	25843	25742	25742	5370
COMPACT_ROW	ringpack_20_3	6709	45220	2415136	865627	865627	40969
COMPACT_CORE_WORK	4825	2503	30627	36874768	0.005059	1270649
COMPACT_ROW	waste	4825	21504	1468261	1270649	1270649	38413
COMPACT_CORE_WORK	2001	1998	8385	9322032	0.001457	36364
COMPACT_ROW	catmix400	2001	11192	36373	36364	36364	8396
COMPACT_CORE_WORK	3054	1697	6879	8000000	0.001955	41416
COMPACT_ROW	rsyn0815m02hfsg	3054	7968	44604	41416	41416	9904
COMPACT_CORE_WORK	1236	751	3403	8000000	0.001619	23744
COMPACT_ROW	p_ball_10b_7p_3d_h	1236	4186	24380	23744	23744	4436
COMPACT_ROW	chimera_k64ising-02	1225	3846	613390	371142	371142	11742
COMPACT_CORE_WORK	3404	1725	9818	9166432	0.002159	128816
COMPACT_ROW	batchs121208m	3404	11462	138030	128816	128816	13224
COMPACT_ROW	nvs02	11	46	142	142	142	36
COMPACT_CORE_WORK	191	156	1381	8000000	0.002155	16611
COMPACT_ROW	wastepaper6	191	1416	16611	16611	16611	1511
COMPACT_CORE_WORK	399	221	718	8000000	0.002274	3272
COMPACT_ROW	syn15hfsg	399	1022	3300	3272	3272	1106
COMPACT_CORE_WORK	36	23	173	8000000	0.001933	1543
COMPACT_ROW	st_jcbpaf2	36	246	1635	1543	1543	199
COMPACT_ROW	camshape400	2000	7188	16768	16768	16768	5594
COMPACT_ROW	graphpart_clique-30	120	2790	114505	91153	91153	3027
COMPACT_ROW	graphpart_clique-70	280	14910	1413012	1144894	1144894	15796
COMPACT_ROW	smallinvDAXr1b010-011	39	1120	13510	13319	13319	599
COMPACT_ROW	nd_netgen-2000-3-4-b-a-ns_7	22074	60000	289420	273394	273394	64374
COMPACT_CORE_WORK	240	100	405	8000000	0.002230	2635
COMPACT_ROW	slay05m	240	720	2635	2635	2635	745
COMPACT_CORE_WORK	2031	1517	85805	65399152	0.006225	2421342
COMPACT_ROW	chimera_selby-c16-01	2031	10964	3605628	2421342	2421342	50264
COMPACT_CORE_WORK	110	30	93	8000000	0.002397	975
COMPACT_ROW	csched1	110	376	975	975	975	323
COMPACT_ROW	watercontamination0303r	1310	37028	2171882	2171882	2171882	20194
COMPACT_ROW	ex9_2_4	15	36	117	117	117	41
COMPACT_CORE_WORK	163	47	201	8000000	0.002290	1625
COMPACT_ROW	sssd15-04	163	440	1625	1625	1625	497
COMPACT_ROW	autocorr_bern35-35fix	38	1264	16214	16214	16214	670
COMPACT_CORE_WORK	1491	775	3825	8000000	0.001905	28843
COMPACT_ROW	sfacloc2_4_90	1491	4500	31682	28843	28843	5335
COMPACT_ROW	cont6-qq	120395	557994	835894090	581918900	581918900	3410086
COMPACT_ROW	meanvar-orl400_05_e_7	5205	174804	21939414	21935811	21935811	95007
COMPACT_CORE_WORK	10017	7609	46105	155738824	0.020342	327531
COMPACT_ROW	glider400	10017	49624	373018	327531	327531	54133
COMPACT_CORE_WORK	4960	2524	10013	13474736	0.002971	63265
COMPACT_ROW	syn40m04m	4960	13792	65982	63265	63265	15219
COMPACT_ROW	ex2_1_3	31	72	189	189	189	73
COMPACT_ROW	qapw	705	87496	12183146	12183146	12183146	69878
COMPACT_ROW	himmel11	14	60	198	198	198	48
COMPACT_CORE_WORK	1908	970	3870	8000000	0.001714	25061
COMPACT_ROW	syn15m04m	1908	5288	26094	25061	25061	5853
COMPACT_CORE_WORK	118	66	564	8000000	0.001920	5796
COMPACT_ROW	pooling_rt2tp	118	654	5876	5796	5796	708
COMPACT_ROW	waterund14	333	2204	200484	72184	72184	3330
COMPACT_ROW	crudeoil_lee4_10	17809	120632	294531623	184173410	184173410	690884
COMPACT_CORE_WORK	1294	723	7578	8000000	0.001355	138540
COMPACT_ROW	pooling_foulds4pq	1294	8302	138692	138540	138540	9768
COMPACT_CORE_WORK	3097	1639	19742	16790112	0.003799	1376964
COMPACT_ROW	edgecross14-156	3097	19664	1487933	1376964	1376964	22658
COMPACT_CORE_WORK	72	62	582	8000000	0.001982	7600
COMPACT_ROW	tspn08	72	668	11074	7600	7600	602
COMPACT_CORE_WORK	4225	2656	23676	30327168	0.006955	533531
COMPACT_ROW	crudeoil_li05	4225	14628	680022	533531	533531	25833
COMPACT_ROW	procurement1large	14416	41068	13858240	7376882	7376882	108978
COMPACT_CORE_WORK	1428	817	4967	8000000	0.001218	66143
COMPACT_ROW	blend721	1428	4548	77560	66143	66143	6157
COMPACT_CORE_WORK	2031	1484	73545	56160624	0.005243	2298935
COMPACT_ROW	chimera_selby-c16-02	2031	10878	4280329	2298935	2298935	48835
COMPACT_CORE_WORK	16640	9640	61180	240000000	0.057708	2173490
COMPACT_ROW	supplychainr1_053050	16640	57800	2173490	2173490	2173490	77190
COMPACT_CORE_WORK	5067	2567	12789	17012056	0.006223	88884
COMPACT_ROW	sfacloc2_4_80	5067	21424	93048	88884	88884	17868
COMPACT_ROW	st_e24	10	26	64	57	57	23
COMPACT_CORE_WORK	1053	571	5070	8000000	0.001560	143518
COMPACT_ROW	edgecross10-040	1053	5116	161851	143518	143518	6034
COMPACT_CORE_WORK	8232	4221	32571	62592768	0.017144	1585871
COMPACT_ROW	sonet21v6	8232	40744	1643311	1585871	1585871	40593
COMPACT_CORE_WORK	2490	890	3335	8000000	0.001997	27665
COMPACT_ROW	squfl010-080	2490	6400	27665	27665	27665	7335
COMPACT_CORE_WORK	221	145	1150	8000000	0.001797	14028
COMPACT_ROW	genpooling_lee2	221	1048	19895	14028	14028	1302
COMPACT_CORE_WORK	2807	2349	21098	24289888	0.003653	286812
COMPACT_ROW	popdynm25	2807	13904	360081	286812	286812	22528
COMPACT_CORE_WORK	5211	3349	24367	38766376	0.005901	373797
COMPACT_ROW	chp_partload	5211	16740	509170	373797	373797	28209
COMPACT_ROW	qspp_0_14_0_1_10_1	560	120274	16119226	16038266	16038266	67194
COMPACT_ROW	st_glmp_ss1	24	66	160	160	160	60
COMPACT_ROW	torsion50	2508	29808	1691033	1119054	1119054	42300
COMPACT_CORE_WORK	40	30	235	8000000	0.002305	2045
COMPACT_ROW	st_rv2	40	340	2045	2045	2045	255
COMPACT_CORE_WORK	6885	2961	9180	14765904	0.006248	55506
COMPACT_ROW	emfl100_3_3	6885	15948	55506	55506	55506	18972
COMPACT_ROW	pedigree_sim400	351	23546	1183471	1183168	1183168	12124
COMPACT_ROW	polygon75	5846	49652	1171822	1171822	1171822	30672
COMPACT_ROW	gabriel10	244056	1148210	1365442310	1267760679	1267760679	4735821
COMPACT_CORE_WORK	1049	507	3660	8000000	0.001453	38237
COMPACT_ROW	fo9_ar25_1	1049	4336	41668	38237	38237	4747
COMPACT_CORE_WORK	1159	610	2153	8000000	0.001915	10602
COMPACT_ROW	rsyn0840m	1159	3168	11274	10602	10602	3316
COMPACT_CORE_WORK	548	284	3428	8000000	0.001820	58861
COMPACT_ROW	gancns	548	2800	69234	58861	58861	4041
COMPACT_CORE_WORK	1049	507	3660	8000000	0.001432	38237
COMPACT_ROW	o9_ar4_1	1049	4336	41668	38237	38237	4747
COMPACT_CORE_WORK	123	79	500	8000000	0.002258	3750
COMPACT_ROW	ex1265a	123	560	3948	3750	3750	588
COMPACT_ROW	ex9_2_6	28	68	190	190	190	70
COMPACT_ROW	qspp_0_13_0_1_10_1	481	88522	10150185	10097446	10097446	49486
COMPACT_CORE_WORK	146	62	246	8000000	0.002483	1554
COMPACT_ROW	slay04m	146	432	1554	1554	1554	450
COMPACT_ROW	st_e25	20	92	336	262	262	66
COMPACT_CORE_WORK	32	12	33	8000000	0.001852	225
COMPACT_ROW	ex8_4_1	32	100	225	225	225	83
COMPACT_ROW	st_e07	19	60	199	199	199	59
COMPACT_ROW	ex1225	26	66	171	161	161	63
COMPACT_CORE_WORK	969	735	10921	8000000	0.000983	324727
COMPACT_ROW	ndcc13	969	5882	525212	324727	324727	12325
COMPACT_CORE_WORK	1224	620	2355	8000000	0.001902	13473
COMPACT_ROW	syn10m04m	1224	3384	13501	13473	13473	3639
COMPACT_ROW	ex5_2_4	18	62	204	193	193	55
COMPACT_ROW	st_m2	72	1226	16331	16331	16331	895
COMPACT_ROW	st_bpk1	16	44	115	108	108	40
COMPACT_CORE_WORK	736	482	6261	8000000	0.001866	155496
COMPACT_ROW	multiplants_stg1	736	3594	197998	155496	155496	6926
COMPACT_CORE_WORK	11251	6342	34471	100162160	0.018251	292101
COMPACT_ROW	powerflow0300p	11251	41918	304705	292101	292101	45391
COMPACT_ROW	nd_netgen-3000-1-1-b-b-ns_7	33155	90000	922197	885186	885186	101542
COMPACT_CORE_WORK	803	547	5731	8000000	0.001606	94348
COMPACT_ROW	sonet23v4	803	6462	139703	94348	94348	6246
COMPACT_ROW	pooling_sppa0pq	1649	24192	3745896	1214182	1214182	31968
COMPACT_CORE_WORK	645	406	6342	8000000	0.001511	152043
COMPACT_ROW	multiplants_mtg1b	645	4404	229415	152043	152043	6901
COMPACT_CORE_WORK	338	138	598	8000000	0.002387	4654
COMPACT_ROW	sssd18-08persp	338	1168	4654	4654	4654	1142
COMPACT_ROW	ex9_1_2	19	54	188	179	179	57
COMPACT_CORE_WORK	3670	2815	51254	65667168	0.007553	3513213
COMPACT_ROW	crudeoil_lee1_07	3670	19322	4746188	3513213	3513213	52939
COMPACT_ROW	pooling_haverly1tp	31	96	423	403	403	105
COMPACT_CORE_WORK	230	145	1525	8000000	0.001657	30110
COMPACT_ROW	waterund08	230	1290	35284	30110	30110	1770
COMPACT_CORE_WORK	76	45	219	8000000	0.002039	1511
COMPACT_ROW	kall_diffcircles_6	76	302	1511	1511	1511	281
COMPACT_CORE_WORK	440	329	5155	8000000	0.001659	80090
COMPACT_ROW	chimera_mgw-c8-439-onc8-001	440	3040	106479	80090	80090	5060
COMPACT_CORE_WORK	160	91	755	8000000	0.001945	10705
COMPACT_ROW	waterund11	160	828	14818	10705	10705	989
COMPACT_CORE_WORK	16364	8902	66114	240000000	0.034122	1997662
COMPACT_ROW	chp_shorttermplan2d	16364	52108	4089003	2104724	1997381	82190
COMPACT_CORE_WORK	156	136	1252	8000000	0.002548	13608
COMPACT_ROW	sporttournament18	156	886	17568	13608	13608	1328
COMPACT_ROW	cvxnonsep_psig30	30	870	9455	9455	9455	465
COMPACT_ROW	ringpack_20_2	6089	40368	1872174	707413	707413	36329
COMPACT_CORE_WORK	1386	808	4670	8000000	0.001450	61466
COMPACT_ROW	blend718	1386	4310	70355	61466	61466	5842
COMPACT_CORE_WORK	115	90	717	8000000	0.002494	7183
COMPACT_ROW	wastepaper4	115	724	9711	7183	7183	807
COMPACT_CORE_WORK	2450	850	3295	8000000	0.001617	22825
COMPACT_ROW	squfl010-040persp	2450	7200	22825	22825	22825	6895
COMPACT_ROW	crudeoil_lee4_06	10429	55492	65337120	32834025	32834025	235115
COMPACT_CORE_WORK	1746	732	4750	8000000	0.001474	43864
COMPACT_ROW	netmod_kar1	1746	4928	56838	43864	43864	6364
COMPACT_ROW	ex8_1_7	14	46	137	128	128	40
COMPACT_CORE_WORK	108	81	1486	8000000	0.001666	36228
COMPACT_ROW	graphpart_3g-0333-0333	108	648	44928	36228	36228	1594
COMPACT_CORE_WORK	760	330	1375	8000000	0.002050	8795
COMPACT_ROW	slay05h	760	2080	9815	8795	8795	2425
COMPACT_CORE_WORK	156	92	799	8000000	0.002578	6599
COMPACT_ROW	korcns	156	712	7241	6599	6599	887
COMPACT_CORE_WORK	5065	2810	15170	21207200	0.003954	117327
COMPACT_ROW	powerflow0118p	5065	18730	121503	117327	117327	20045
COMPACT_CORE_WORK	4799	2402	12180	15173440	0.003486	81119
COMPACT_ROW	sfacloc2_3_80	4799	20600	84672	81119	81119	16813
COMPACT_CORE_WORK	6028	3256	16260	26046048	0.004843	152980
COMPACT_ROW	rsyn0820m04m	6028	17372	196890	152980	152980	21916
COMPACT_CORE_WORK	1046	570	2457	8000000	0.001825	14089
COMPACT_ROW	hydroenergy1	1046	3024	14089	14089	14089	3435
COMPACT_ROW	maxmin	181	1440	8405	8405	8405	925
COMPACT_ROW	st_ht	8	18	51	44	44	18
COMPACT_ROW	crudeoil_lee2_06	6418	34646	23299675	16574163	16574163	134923
COMPACT_CORE_WORK	3183	2301	13292	15590848	0.003665	98715
COMPACT_ROW	kan_r3_h1_n4	3183	14062	104945	98715	98715	15597
COMPACT_ROW	primary	378	5610	109639	95258	95258	3428
COMPACT_CORE_WORK	1071	591	2014	8000000	0.001964	9812
COMPACT_ROW	syn10m03hfsg	1071	2772	9890	9812	9812	3040
COMPACT_CORE_WORK	36	24	117	8000000	0.002251	790
COMPACT_ROW	wastewater02m1	36	138	848	790	790	156
COMPACT_CORE_WORK	4620	2680	16100	21377920	0.004317	273100
COMPACT_ROW	supplychainr1_022020	4620	15680	273140	273100	273100	20540
COMPACT_CORE_WORK	3800	1300	5350	8000000	0.001382	49925
COMPACT_ROW	squfl025-025persp	3800	11250	49925	49925	49925	10975
COMPACT_ROW	ringpack_30_2	17999	121458	12394600	2873684	2873684	108470
COMPACT_ROW	nuclear104	39098	257806	103156931	78332024	78332024	523338
COMPACT_CORE_WORK	4952	2592	19284	24567456	0.006060	301258
COMPACT_ROW	chp_shorttermplan1a	4952	15700	376486	301258	301258	22620
COMPACT_CORE_WORK	555	450	2819	8000000	0.002015	19265
COMPACT_ROW	rocket50	555	3488	19983	19265	19265	3185
COMPACT_CORE_WORK	8508	4520	21328	46099200	0.011699	186241
COMPACT_ROW	rsyn0840m04m	8508	24272	229914	186241	186241	29583
COMPACT_CORE_WORK	11716	6945	56240	170467600	0.039840	1456963
COMPACT_ROW	mpbp_21	11716	37660	1691114	1456963	1456963	65805
COMPACT_CORE_WORK	172	92	719	8000000	0.001703	10703
COMPACT_ROW	orth_d4m6_pl	172	1096	10938	10703	10703	1019
COMPACT_CORE_WORK	1681	1245	10599	8000000	0.001115	193841
COMPACT_ROW	kall_circlespolygons_c1p5b	1681	7432	201759	193841	193841	11831
COMPACT_ROW	acopf_case9241pegase_qcqp	313068	1292408	34647355	33736789	33736789	1988065
COMPACT_CORE_WORK	33	18	54	8000000	0.002324	244
COMPACT_ROW	ex1223	33	82	244	244	244	86
COMPACT_ROW	ex6_1_4	10	48	197	153	153	37
COMPACT_CORE_WORK	403	234	1378	8000000	0.002115	10361
COMPACT_ROW	powerflow0014r	403	1630	10761	10361	10361	1783
COMPACT_ROW	knp5-43	2065	31132	3517788	3517788	3517788	36336
COMPACT_ROW	gabriel09	21688	89702	29373994	26366112	26366112	228634
COMPACT_CORE_WORK	32	18	53	8000000	0.002257	233
COMPACT_ROW	tln2	32	88	233	233	233	83
COMPACT_ROW	prob02	22	76	267	232	232	66
COMPACT_CORE_WORK	1422	826	4834	8000000	0.001473	64296
COMPACT_ROW	blend146	1422	4460	78102	64296	64296	6042
COMPACT_CORE_WORK	4518	2728	20971	27733608	0.004298	447643
COMPACT_ROW	mpbp_46	4518	14492	499547	447643	447643	24571
COMPACT_CORE_WORK	413	291	2101	8000000	0.002011	17511
COMPACT_ROW	tls6	413	2860	18483	17511	17511	2429
COMPACT_ROW	emfl100_5_5	21925	52300	221650	221650	221650	62300
COMPACT_ROW	qspp_0_11_0_1_10_1	341	44264	3563707	3531915	3531915	24763
COMPACT_CORE_WORK	403	169	1128	8000000	0.001944	13288
COMPACT_ROW	p_ball_10b_5p_4d_m	403	1484	13581	13288	13288	1736
COMPACT_CORE_WORK	90	70	639	8000000	0.002487	6321
COMPACT_ROW	st_rv9	90	840	6691	6321	6321	679
COMPACT_CORE_WORK	3486	1876	7539	8015616	0.002051	44981
COMPACT_ROW	rsyn0840m02m	3486	9576	47529	44981	44981	10989
COMPACT_ROW	nvs05	22	84	277	266	266	72
COMPACT_ROW	autocorr_bern25-19	28	612	5278	5278	5278	334
COMPACT_CORE_WORK	356	140	616	8000000	0.002297	4960
COMPACT_ROW	sssd20-08persp	356	1232	4960	4960	4960	1208
COMPACT_CORE_WORK	827	310	12912	8000000	0.001575	155722
COMPACT_ROW	multiplants_stg5	827	3804	377794	155722	155722	7440
COMPACT_CORE_WORK	2032	1891	53965	49623392	0.005538	2487310
COMPACT_ROW	chimera_rfr-02	2032	15140	3860441	2487310	2487310	51728
COMPACT_CORE_WORK	726	262	4486	8000000	0.001486	121443
COMPACT_ROW	multiplants_stg1a	726	3510	142058	121443	121443	6211
COMPACT_CORE_WORK	170	93	1122	8000000	0.002156	16556
COMPACT_ROW	pooling_adhya4pq	170	932	24314	16556	16556	1362
COMPACT_ROW	nuclear10a	17493	163816	82406325	55754381	55754381	365783
COMPACT_ROW	sonet24v5	874	7260	185654	110276	110276	7010
COMPACT_ROW	transswitch2736spr	69651	331010	7933133	7281507	7281507	439563
COMPACT_CORE_WORK	8992	4760	29215	64354760	0.011203	576395
COMPACT_ROW	chp_shorttermplan2a	8992	26288	821014	576395	576395	38347
COMPACT_CORE_WORK	1001	998	4185	8000000	0.001510	18164
COMPACT_ROW	catmix200	1001	5592	18173	18164	18164	4196
COMPACT_ROW	nvs23	27	252	1921	1221	1221	153
COMPACT_ROW	oaer	20	40	107	107	107	45
COMPACT_CORE_WORK	168	101	280	8000000	0.002622	1103
COMPACT_ROW	hybriddynamic_fixed	168	388	1103	1103	1103	421
COMPACT_ROW	edgecross24-115	16747	77352	35096942	27626301	27626301	160407
COMPACT_CORE_WORK	1178	243	1295	8000000	0.002102	22528
COMPACT_ROW	space25	1178	4334	23567	22528	22528	4186
COMPACT_ROW	methanol400	23999	151728	2586036	1864047	1864047	186271
COMPACT_CORE_WORK	1218	659	7669	8000000	0.001889	171941
COMPACT_ROW	pooling_foulds5tp	1218	8364	251833	171941	171941	9811
COMPACT_ROW	pooling_sppa9tp	5040	121302	104609262	16877457	16877457	158869
COMPACT_ROW	st_miqp2	10	18	37	37	37	19
COMPACT_ROW	autocorr_bern30-23	33	878	8940	8940	8940	472
COMPACT_CORE_WORK	9858	5550	47491	116310824	0.018319	1185325
COMPACT_ROW	mpbp_15	9858	31692	1496502	1185325	1185325	56119
COMPACT_ROW	cvxnonsep_psig30r	126	250	501	501	501	251
COMPACT_CORE_WORK	1590	876	3081	8000000	0.001806	15383
COMPACT_ROW	rsyn0830hfsg	1590	4100	16168	15383	15383	4687
COMPACT_CORE_WORK	1271	664	10128	8000000	0.001473	93863
COMPACT_ROW	crudeoil_pooling_ct1	1271	4642	125127	93863	93863	7323
COMPACT_CORE_WORK	800	525	6223	8000000	0.001009	143020
COMPACT_ROW	multiplants_stg1c	800	3894	150039	143020	143020	6946
COMPACT_ROW	st_pan1	11	32	123	94	94	30
COMPACT_CORE_WORK	814	295	5614	8000000	0.001300	187593
COMPACT_ROW	multiplants_stg1b	814	3992	308612	187593	187593	7725
COMPACT_CORE_WORK	11999	9599	85503	240000000	0.029595	905945
COMPACT_ROW	methanol200	11999	76128	1290836	905945	905945	92103
COMPACT_ROW	faclay35	26778	132380	33630126	32021838	32021838	204090
COMPACT_CORE_WORK	13175	5675	19850	55064000	0.017552	155400
COMPACT_ROW	emfl050_5_5	13175	32300	155400	155400	155400	38550
COMPACT_ROW	transswitch2383wpr	59853	277562	3946309	3861509	3861509	332327
COMPACT_CORE_WORK	1120	663	23559	10609944	0.001456	497101
COMPACT_ROW	chimera_lga-01	1120	6400	668019	497101	497101	15989
COMPACT_CORE_WORK	4596	2632	17222	22664896	0.005082	196064
COMPACT_ROW	gasprod_sarawak16	4596	15316	213850	196064	196064	22604
COMPACT_ROW	crudeoil_lee4_09	15904	101792	208785578	130655525	130655525	559733
COMPACT_ROW	arki0013	44909	160172	390472987	157005417	157005417	695571
COMPACT_ROW	st_m1	42	432	3097	3097	3097	313
COMPACT_CORE_WORK	5310	3182	26268	39301312	0.005971	652248
COMPACT_ROW	mpbp_47	5310	17098	730624	652248	652248	30546
COMPACT_CORE_WORK	821	434	1538	8000000	0.002440	7745
COMPACT_ROW	rsyn0815m	821	2242	8260	7745	7745	2365
COMPACT_CORE_WORK	7993	4968	36605	82120960	0.011647	835803
COMPACT_ROW	arki0016	7993	37208	878890	835803	835803	47535
COMPACT_ROW	st_glmp_ss2	18	48	121	121	121	45
COMPACT_CORE_WORK	2670	1484	5935	8000000	0.001478	34753
COMPACT_ROW	rsyn0810m02hfsg	2670	6964	36862	34753	34753	8593
COMPACT_CORE_WORK	55	34	199	8000000	0.001918	1497
COMPACT_ROW	pointpack06	55	276	1497	1497	1497	241
COMPACT_CORE_WORK	6328	3492	12915	23064264	0.007456	73685
COMPACT_ROW	syn40m04hfsg	6328	16896	76232	73685	73685	18919
COMPACT_CORE_WORK	258	122	486	8000000	0.002268	2742
COMPACT_ROW	clay0304m	258	840	2742	2742	2742	798
COMPACT_CORE_WORK	1218	655	7405	8000000	0.001423	159641
COMPACT_ROW	pooling_foulds5pq	1218	8300	159641	159641	159641	9583
COMPACT_CORE_WORK	1000	485	1945	8000000	0.001787	11240
COMPACT_ROW	clay0305hfsg	1000	2910	12260	11240	11240	3160
COMPACT_CORE_WORK	64	44	276	8000000	0.002579	1964
COMPACT_ROW	st_test8	64	232	2343	1964	1964	316
COMPACT_ROW	gams05	17364	252910	6179750712	3259322396	3259322396	3290984
COMPACT_ROW	sporttournament08	31	156	862	862	862	154
COMPACT_CORE_WORK	1121	642	3396	8000000	0.001960	23642
COMPACT_ROW	powerflow0030p	1121	4194	24944	23642	23642	4378
COMPACT_ROW	popdynm200	22407	105584	2567878	2436690	2436690	185112
COMPACT_ROW	mpbp_35	11120	40790	3037207	976558	976558	63274
COMPACT_CORE_WORK	1492	762	2635	8000000	0.001891	13455
COMPACT_ROW	syn30m02m	1492	3936	13752	13455	13455	4221
COMPACT_CORE_WORK	481	466	3530	8000000	0.001874	60068
COMPACT_ROW	wastewater13m1	481	3252	60135	60068	60068	3560
COMPACT_CORE_WORK	1022	573	1829	8000000	0.002029	8155
COMPACT_ROW	syn40hfsg	1022	2624	8432	8155	8155	2807
COMPACT_CORE_WORK	69	36	165	8000000	0.002451	1047
COMPACT_ROW	sep1	69	206	1097	1047	1047	249
COMPACT_CORE_WORK	2508	1278	4758	8000000	0.001253	26552
COMPACT_ROW	syn30m03m	2508	6804	26806	26552	26552	7404
COMPACT_ROW	st_qpc-m3a	30	304	2330	1574	1574	182
COMPACT_CORE_WORK	2644	1586	23964	19534976	0.002764	866223
COMPACT_ROW	crudeoil_pooling_ct3	2644	11426	1381490	866223	866223	26611
COMPACT_CORE_WORK	634	417	2686	8000000	0.001799	27875
COMPACT_ROW	space25a	634	3246	29078	27875	27875	3349
COMPACT_ROW	autocorr_bern20-15	23	394	2784	2784	2784	220
COMPACT_CORE_WORK	35	21	75	8000000	0.002289	341
COMPACT_ROW	ex7_2_1	35	134	352	341	341	103
COMPACT_CORE_WORK	2092	1090	19234	12217472	0.002646	56014
COMPACT_ROW	hydroenergy2	2092	6236	69051	56014	56014	8284
COMPACT_ROW	pooling_digabel19	514	5340	325989	274903	274903	8765
COMPACT_CORE_WORK	132	63	243	8000000	0.002462	1348
COMPACT_ROW	clay0203m	132	420	1348	1348	1348	402
COMPACT_CORE_WORK	13680	4680	18615	42776160	0.016628	252605
COMPACT_ROW	squfl030-150	13680	36000	252605	252605	252605	41115
COMPACT_TOTAL score=0.791316868681 wins=1 seconds=0.798339 max=0.059367
