SELECTED_PRIORITY_ROW	slay06m	357	1080	4025	4025	4025	1113	0.000182
SELECTED_PRIORITY_ROW	sssd25-08	401	1200	5389	5389	5389	1325	0.000181
SELECTED_PRIORITY_ROW	rsyn0810m04m	4772	13836	147553	113458	113458	17276	0.002690
SELECTED_PRIORITY_ROW	pooling_sppc3pq	23173	893724	1153877333	325595394	325595394	1305528	0.000000
SELECTED_PRIORITY_ROW	sporttournament48	1131	6676	919582	594138	594138	20480	0.002279
SELECTED_PRIORITY_ROW	pooling_sppa9pq	5030	120730	23971280	15130622	15130622	152488	0.017785
SELECTED_PRIORITY_ROW	edgecross10-090	1053	5204	126115	103179	103179	5545	0.000732
SELECTED_PRIORITY_ROW	maxcsp-ehi-85-297-71	2372	207996	1381768944	1110971341	1110971341	1294981	0.000000
SELECTED_PRIORITY_ROW	st_bpaf1a	30	120	623	580	580	120	0.000028
SELECTED_PRIORITY_ROW	risk2bpb	1462	5396	118471	66041	66041	6655	0.000980
SELECTED_PRIORITY_ROW	qap	255	43748	3802533	3650113	3650113	25541	0.003046
SELECTED_PRIORITY_ROW	rsyn0830m04m	7252	20752	212130	171680	171680	25680	0.004064
SELECTED_PRIORITY_ROW	lop97icx	1073	2118	79286	64044	64044	3950	0.000542
SELECTED_PRIORITY_ROW	chain400	1201	4796	16382	16382	16382	4398	0.000527
SELECTED_PRIORITY_ROW	mpbp_07	9532	30810	1368477	1248947	1248947	55603	0.007084
SELECTED_PRIORITY_ROW	sonetgr17	440	2958	37814	30971	30971	2807	0.000370
SELECTED_PRIORITY_ROW	p_ball_30b_7p_2d_h	2207	7516	42456	42319	42319	7771	0.001004
SELECTED_PRIORITY_ROW	pinene200	19995	97990	1358716	1134463	1134463	133427	0.017072
SELECTED_PRIORITY_ROW	unitcommit_200_100_1_mod_8	146830	476332	3053940	2981835	2981835	498723	0.000000
SELECTED_PRIORITY_ROW	ex8_3_9	123	834	15050	11503	11503	1019	0.000136
SELECTED_PRIORITY_ROW	rsyn0820m02m	2486	6932	38190	35631	35631	8131	0.001376
SELECTED_PRIORITY_ROW	p_ball_10b_5p_2d_m	293	964	6648	6547	6547	1135	0.000167
SELECTED_PRIORITY_ROW	pooling_adhya4tp	170	936	26842	20581	20581	1459	0.000185
SELECTED_PRIORITY_ROW	squfl015-080persp	7295	21600	74520	74520	74520	20600	0.002868
SELECTED_PRIORITY_ROW	edgecross10-080	1053	5940	170814	164639	164639	6247	0.000847
SELECTED_PRIORITY_ROW	clay0204hfsg	590	1696	7198	6562	6562	1858	0.000282
SELECTED_PRIORITY_ROW	st_bsj2	13	40	143	114	114	36	0.000017
SELECTED_PRIORITY_ROW	chimera_mgw-c8-439-onc8-002	440	3038	97870	86464	86464	5210	0.000618
SELECTED_PRIORITY_ROW	batchs201210m	5188	17910	349298	303381	303381	21409	0.002912
SELECTED_PRIORITY_ROW	rsyn0815m04m	5456	15756	184352	143458	143458	20102	0.003241
SELECTED_PRIORITY_ROW	syn40m	560	1528	5007	4829	4829	1585	0.000276
SELECTED_PRIORITY_ROW	knp5-44	2157	32604	3764003	3764003	3764003	38039	0.003937
SELECTED_PRIORITY_ROW	ex1263a	94	390	2098	2098	2098	392	0.000065
SELECTED_PRIORITY_ROW	st_e41	8	32	88	88	88	24	0.000011
SELECTED_PRIORITY_ROW	squfl025-030	2305	6000	42305	42305	42305	7105	0.000910
SELECTED_PRIORITY_ROW	wastewater05m1	98	536	11690	8036	8036	722	0.000110
SELECTED_PRIORITY_ROW	cvxnonsep_psig20	20	380	2870	2870	2870	210	0.000027
SELECTED_PRIORITY_ROW	meanvar-orl400_05_e_8	4405	171604	21923414	21922611	21922611	91407	0.011086
SELECTED_PRIORITY_ROW	st_e31	301	744	4534	4257	4257	983	0.000161
SELECTED_PRIORITY_ROW	pooling_sppc1pq	14100	477680	812210652	136686008	136686008	761724	0.000000
SELECTED_PRIORITY_ROW	pooling_haverly1pq	31	96	412	403	403	105	0.000026
SELECTED_PRIORITY_ROW	graphpart_3g-0244-0244	128	672	33446	32534	32534	1608	0.000180
SELECTED_PRIORITY_ROW	graphpart_clique-20	80	1260	34885	27856	27856	1384	0.000156
SELECTED_PRIORITY_ROW	mpbp_48	28368	91016	33835023	16144599	16124058	218431	0.048559
SELECTED_PRIORITY_ROW	pooling_sppb5pq	18529	674470	523815053	213571545	213571545	857699	0.000000
SELECTED_PRIORITY_ROW	slay07m	497	1512	5740	5740	5740	1554	0.000228
SELECTED_PRIORITY_ROW	nvs19	24	200	1353	884	884	124	0.000030
SELECTED_PRIORITY_ROW	oil	3270	8430	36313	34760	34760	9956	0.001693
SELECTED_PRIORITY_ROW	squfl015-060	2775	7200	36400	36400	36400	8280	0.001089
SELECTED_PRIORITY_ROW	ndcc12persp	1112	5522	299115	284793	284793	10779	0.001192
SELECTED_PRIORITY_ROW	kissing2	20772	401024	156414018	156414018	156414018	482006	0.000000
SELECTED_PRIORITY_ROW	nuclear25a	1942	16030	1977163	1136191	1136191	28193	0.003337
SELECTED_PRIORITY_ROW	clay0204m	222	704	2330	2330	2330	682	0.000114
SELECTED_PRIORITY_ROW	st_ph13	23	68	207	178	178	60	0.000016
SELECTED_PRIORITY_ROW	edgecross10-030	1053	4654	135854	100080	100080	5536	0.000726
SELECTED_PRIORITY_ROW	chain200	601	2396	8182	8182	8182	2198	0.000265
SELECTED_PRIORITY_ROW	ex1223b	25	66	178	178	178	64	0.000019
SELECTED_PRIORITY_ROW	slay09h	2718	7488	36057	32385	32385	8703	0.001201
SELECTED_PRIORITY_ROW	ndcc12	974	5982	345696	329556	329556	12112	0.001217
SELECTED_PRIORITY_ROW	kall_circlesrectangles_c6r39	1306	5378	75744	74610	74610	7868	0.000882
SELECTED_PRIORITY_ROW	squfl020-150	9170	24000	135020	135020	135020	27360	0.003534
SELECTED_PRIORITY_ROW	autocorr_bern40-30	43	1534	20034	20034	20034	810	0.000111
SELECTED_PRIORITY_ROW	slay08m	660	2016	7796	7796	7796	2068	0.000275
SELECTED_PRIORITY_ROW	chimera_mgw-c16-2031-01	2032	15900	3328073	2565876	2561396	53470	0.009772
SELECTED_PRIORITY_ROW	forest	713	2658	10614	10543	10543	2445	0.000378
SELECTED_PRIORITY_ROW	qspp_0_10_0_1_10_1	280	29636	1942907	1932414	1932414	16660	0.002370
SELECTED_PRIORITY_ROW	st_ph1	16	58	274	233	233	55	0.000015
SELECTED_PRIORITY_ROW	elf	124	376	2733	2173	2173	441	0.000065
SELECTED_PRIORITY_ROW	ex3_1_3	18	36	90	83	83	37	0.000012
SELECTED_PRIORITY_ROW	cvxnonsep_normcon40r	162	322	645	645	645	323	0.000052
SELECTED_PRIORITY_ROW	demo7	155	618	3579	3426	3426	620	0.000097
SELECTED_PRIORITY_ROW	waternd2	615	2580	155674	74817	74817	4059	0.000511
SELECTED_PRIORITY_ROW	prolog	64	292	1245	1225	1225	257	0.000048
SELECTED_PRIORITY_ROW	ex14_1_8	11	30	80	80	80	28	0.000010
SELECTED_PRIORITY_ROW	faclay75	272878	1379706	3204527350	3013800414	3013800414	3449330	0.000000
SELECTED_PRIORITY_ROW	st_qpk3	55	548	5467	3762	3762	374	0.000062
SELECTED_PRIORITY_ROW	mpbp_34	11556	40860	3093917	891674	891674	62446	0.008947
SELECTED_PRIORITY_ROW	cvxnonsep_normcon20r	82	162	325	325	325	163	0.000037
SELECTED_PRIORITY_ROW	cvxnonsep_psig20r	86	170	341	341	341	171	0.000027
SELECTED_PRIORITY_ROW	crudeoil_pooling_dt2	18742	75910	14985540	9947932	9947927	174214	0.039972
SELECTED_PRIORITY_ROW	rsyn0805m03m	2868	8270	60979	54853	54853	10111	0.001572
SELECTED_PRIORITY_ROW	st_iqpbk1	22	98	295	295	295	71	0.000019
SELECTED_PRIORITY_ROW	waterund01	96	404	4546	3317	3317	457	0.000077
SELECTED_PRIORITY_ROW	pointpack04	29	120	577	577	577	113	0.000023
SELECTED_PRIORITY_ROW	st_e22	12	30	77	70	70	28	0.000009
SELECTED_PRIORITY_ROW	faclay30	16678	82242	13452923	12850431	12850431	116585	0.016166
SELECTED_PRIORITY_ROW	arki0002	4432	11248	683476	667374	667374	27906	0.003329
SELECTED_PRIORITY_ROW	transswitch0300p	11659	48446	404940	377741	377741	51785	0.008541
SELECTED_PRIORITY_ROW	crudeoil_pooling_dt3	30660	152210	48975085	33883414	33883414	471330	0.000000
SELECTED_PRIORITY_ROW	gasprod_sarawak81	22536	75636	1030380	941231	941231	110997	0.015702
SELECTED_PRIORITY_ROW	maxcsp-langford-3-11	660	29646	33444033	10360919	10360919	72709	0.007999
SELECTED_PRIORITY_ROW	p_ball_30b_5p_2d_h	1543	5224	25843	25742	25742	5370	0.000717
SELECTED_PRIORITY_ROW	ringpack_20_3	6709	45220	2415136	865627	865627	40969	0.005498
SELECTED_PRIORITY_ROW	waste	4825	21504	1468261	1270649	1270649	38413	0.004830
SELECTED_PRIORITY_ROW	catmix400	2001	11192	36373	36364	36364	8396	0.001015
SELECTED_PRIORITY_ROW	rsyn0815m02hfsg	3054	7968	44604	41416	41416	9904	0.001659
SELECTED_PRIORITY_ROW	p_ball_10b_7p_3d_h	1236	4186	24380	23744	23744	4436	0.000601
SELECTED_PRIORITY_ROW	chimera_k64ising-02	1225	3846	613390	371142	371142	11742	0.001515
SELECTED_PRIORITY_ROW	batchs121208m	3404	11462	138030	128816	128816	13224	0.001799
SELECTED_PRIORITY_ROW	nvs02	11	46	142	142	142	36	0.000013
SELECTED_PRIORITY_ROW	wastepaper6	191	1416	16611	16611	16611	1511	0.000190
SELECTED_PRIORITY_ROW	syn15hfsg	399	1022	3300	3272	3272	1106	0.000209
SELECTED_PRIORITY_ROW	st_jcbpaf2	36	246	1635	1543	1543	199	0.000035
SELECTED_PRIORITY_ROW	camshape400	2000	7188	16768	16768	16768	5594	0.000751
SELECTED_PRIORITY_ROW	graphpart_clique-30	120	2790	114505	91153	91153	3027	0.000318
SELECTED_PRIORITY_ROW	graphpart_clique-70	280	14910	1413012	1144894	1144894	15796	0.001648
SELECTED_PRIORITY_ROW	smallinvDAXr1b010-011	39	1120	13510	13319	13319	599	0.000078
SELECTED_PRIORITY_ROW	nd_netgen-2000-3-4-b-a-ns_7	22074	60000	289420	273394	273394	64374	0.010068
SELECTED_PRIORITY_ROW	slay05m	240	720	2635	2635	2635	745	0.000110
SELECTED_PRIORITY_ROW	chimera_selby-c16-01	2031	10964	3605628	2421342	2420818	50264	0.011035
SELECTED_PRIORITY_ROW	csched1	110	376	975	975	975	323	0.000059
SELECTED_PRIORITY_ROW	watercontamination0303r	1310	37028	2171882	2171882	2171882	20194	0.002231
SELECTED_PRIORITY_ROW	ex9_2_4	15	36	117	117	117	41	0.000015
SELECTED_PRIORITY_ROW	sssd15-04	163	440	1625	1625	1625	497	0.000078
SELECTED_PRIORITY_ROW	autocorr_bern35-35fix	38	1264	16214	16214	16214	670	0.000078
SELECTED_PRIORITY_ROW	sfacloc2_4_90	1491	4500	31682	28843	28843	5335	0.000762
SELECTED_PRIORITY_ROW	cont6-qq	120395	557994	835894090	581918900	581918900	3410086	0.000000
SELECTED_PRIORITY_ROW	meanvar-orl400_05_e_7	5205	174804	21939414	21935811	21935811	95007	0.010902
SELECTED_PRIORITY_ROW	glider400	10017	49624	373018	327531	327531	54133	0.006989
SELECTED_PRIORITY_ROW	syn40m04m	4960	13792	65982	63265	63265	15219	0.002475
SELECTED_PRIORITY_ROW	ex2_1_3	31	72	189	189	189	73	0.000023
SELECTED_PRIORITY_ROW	qapw	705	87496	12183146	12183146	12183146	69878	0.008490
SELECTED_PRIORITY_ROW	himmel11	14	60	198	198	198	48	0.000016
SELECTED_PRIORITY_ROW	syn15m04m	1908	5288	26094	25061	25061	5853	0.000993
SELECTED_PRIORITY_ROW	pooling_rt2tp	118	654	5876	5796	5796	708	0.000106
SELECTED_PRIORITY_ROW	waterund14	333	2204	200484	72184	72184	3330	0.000406
SELECTED_PRIORITY_ROW	crudeoil_lee4_10	17809	120632	294531623	184173410	184173410	690884	0.000000
SELECTED_PRIORITY_ROW	pooling_foulds4pq	1294	8302	138692	138540	138540	9768	0.001209
SELECTED_PRIORITY_ROW	edgecross14-156	3097	19664	1487933	1376964	1376964	22658	0.003010
SELECTED_PRIORITY_ROW	tspn08	72	668	11074	7600	7600	602	0.000089
SELECTED_PRIORITY_ROW	crudeoil_li05	4225	14628	680022	533531	533531	25833	0.003586
SELECTED_PRIORITY_ROW	procurement1large	14416	41068	13858240	7376882	7372894	108978	0.028390
SELECTED_PRIORITY_ROW	blend721	1428	4548	77560	66143	66143	6157	0.000888
SELECTED_PRIORITY_ROW	chimera_selby-c16-02	2031	10878	4280329	2298935	2298935	48835	0.005250
SELECTED_PRIORITY_ROW	supplychainr1_053050	16640	57800	2173490	2173490	2173490	77190	0.009363
SELECTED_PRIORITY_ROW	sfacloc2_4_80	5067	21424	93048	88884	88884	17868	0.002773
SELECTED_PRIORITY_ROW	st_e24	10	26	64	57	57	23	0.000010
SELECTED_PRIORITY_ROW	edgecross10-040	1053	5116	161851	143518	143518	6034	0.000813
SELECTED_PRIORITY_ROW	sonet21v6	8232	40744	1643311	1585871	1585871	40593	0.005513
SELECTED_PRIORITY_ROW	squfl010-080	2490	6400	27665	27665	27665	7335	0.000965
SELECTED_PRIORITY_ROW	genpooling_lee2	221	1048	19895	14028	14028	1302	0.000186
SELECTED_PRIORITY_ROW	popdynm25	2807	13904	360081	286812	286812	22528	0.002861
SELECTED_PRIORITY_ROW	chp_partload	5211	16740	509170	373797	373797	28209	0.004600
SELECTED_PRIORITY_ROW	qspp_0_14_0_1_10_1	560	120274	16119226	16038266	16038266	67194	0.008917
SELECTED_PRIORITY_ROW	st_glmp_ss1	24	66	160	160	160	60	0.000017
SELECTED_PRIORITY_ROW	torsion50	2508	29808	1691033	1119054	1119054	42300	0.005000
SELECTED_PRIORITY_ROW	st_rv2	40	340	2045	2045	2045	255	0.000041
SELECTED_PRIORITY_ROW	emfl100_3_3	6885	15948	55506	55506	55506	18972	0.002816
SELECTED_PRIORITY_ROW	pedigree_sim400	351	23546	1183471	1183168	1183168	12124	0.001436
SELECTED_PRIORITY_ROW	polygon75	5846	49652	1171822	1171822	1171822	30672	0.004213
SELECTED_PRIORITY_ROW	gabriel10	244056	1148210	1365442310	1267760679	1267760679	4735821	0.000000
SELECTED_PRIORITY_ROW	fo9_ar25_1	1049	4336	41668	38237	38237	4747	0.000611
SELECTED_PRIORITY_ROW	rsyn0840m	1159	3168	11274	10602	10602	3316	0.000580
SELECTED_PRIORITY_ROW	gancns	548	2800	69234	58861	58861	4041	0.000598
SELECTED_PRIORITY_ROW	o9_ar4_1	1049	4336	41668	38237	38237	4747	0.000594
SELECTED_PRIORITY_ROW	ex1265a	123	560	3948	3750	3750	588	0.000090
SELECTED_PRIORITY_ROW	ex9_2_6	28	68	190	190	190	70	0.000020
SELECTED_PRIORITY_ROW	qspp_0_13_0_1_10_1	481	88522	10150185	10097446	10097446	49486	0.006436
SELECTED_PRIORITY_ROW	slay04m	146	432	1554	1554	1554	450	0.000081
SELECTED_PRIORITY_ROW	st_e25	20	92	336	262	262	66	0.000014
SELECTED_PRIORITY_ROW	ex8_4_1	32	100	225	225	225	83	0.000017
SELECTED_PRIORITY_ROW	st_e07	19	60	199	199	199	59	0.000013
SELECTED_PRIORITY_ROW	ex1225	26	66	171	161	161	63	0.000016
SELECTED_PRIORITY_ROW	ndcc13	969	5882	525212	324727	324727	12325	0.001311
SELECTED_PRIORITY_ROW	syn10m04m	1224	3384	13501	13473	13473	3639	0.000563
SELECTED_PRIORITY_ROW	ex5_2_4	18	62	204	193	193	55	0.000015
SELECTED_PRIORITY_ROW	st_m2	72	1226	16331	16331	16331	895	0.000116
SELECTED_PRIORITY_ROW	st_bpk1	16	44	115	108	108	40	0.000012
SELECTED_PRIORITY_ROW	multiplants_stg1	736	3594	197998	155496	155496	6926	0.000856
SELECTED_PRIORITY_ROW	powerflow0300p	11251	41918	304705	292101	292049	45391	0.011730
SELECTED_PRIORITY_ROW	nd_netgen-3000-1-1-b-b-ns_7	33155	90000	922197	885186	885186	101542	0.000000
SELECTED_PRIORITY_ROW	sonet23v4	803	6462	139703	94348	94348	6246	0.000789
SELECTED_PRIORITY_ROW	pooling_sppa0pq	1649	24192	3745896	1214182	1214182	31968	0.003670
SELECTED_PRIORITY_ROW	multiplants_mtg1b	645	4404	229415	152043	152043	6901	0.000859
SELECTED_PRIORITY_ROW	sssd18-08persp	338	1168	4654	4654	4654	1142	0.000161
SELECTED_PRIORITY_ROW	ex9_1_2	19	54	188	179	179	57	0.000015
SELECTED_PRIORITY_ROW	crudeoil_lee1_07	3670	19322	4746188	3513213	3512781	52939	0.011265
SELECTED_PRIORITY_ROW	pooling_haverly1tp	31	96	423	403	403	105	0.000024
SELECTED_PRIORITY_ROW	waterund08	230	1290	35284	30110	30110	1770	0.000206
SELECTED_PRIORITY_ROW	kall_diffcircles_6	76	302	1511	1511	1511	281	0.000050
SELECTED_PRIORITY_ROW	chimera_mgw-c8-439-onc8-001	440	3040	106479	80090	80090	5060	0.000605
SELECTED_PRIORITY_ROW	waterund11	160	828	14818	10705	10705	989	0.000145
SELECTED_PRIORITY_ROW	chp_shorttermplan2d	16364	52108	4089003	1997381	1997381	81473	0.012288
SELECTED_PRIORITY_ROW	sporttournament18	156	886	17568	13608	13608	1328	0.000188
SELECTED_PRIORITY_ROW	cvxnonsep_psig30	30	870	9455	9455	9455	465	0.000045
SELECTED_PRIORITY_ROW	ringpack_20_2	6089	40368	1872174	707413	707413	36329	0.004863
SELECTED_PRIORITY_ROW	blend718	1386	4310	70355	61466	61466	5842	0.000832
SELECTED_PRIORITY_ROW	wastepaper4	115	724	9711	7183	7183	807	0.000107
SELECTED_PRIORITY_ROW	squfl010-040persp	2450	7200	22825	22825	22825	6895	0.000952
SELECTED_PRIORITY_ROW	crudeoil_lee4_06	10429	55492	65337120	32834025	32720114	235115	0.059225
SELECTED_PRIORITY_ROW	netmod_kar1	1746	4928	56838	43864	43864	6364	0.000899
SELECTED_PRIORITY_ROW	ex8_1_7	14	46	137	128	128	40	0.000014
SELECTED_PRIORITY_ROW	graphpart_3g-0333-0333	108	648	44928	36228	36228	1594	0.000181
SELECTED_PRIORITY_ROW	slay05h	760	2080	9815	8795	8795	2425	0.000337
SELECTED_PRIORITY_ROW	korcns	156	712	7241	6599	6599	887	0.000145
SELECTED_PRIORITY_ROW	powerflow0118p	5065	18730	121503	117327	117327	20045	0.003244
SELECTED_PRIORITY_ROW	sfacloc2_3_80	4799	20600	84672	81119	81119	16813	0.002575
SELECTED_PRIORITY_ROW	rsyn0820m04m	6028	17372	196890	152980	152980	21916	0.003603
SELECTED_PRIORITY_ROW	hydroenergy1	1046	3024	14089	14089	14089	3435	0.000488
SELECTED_PRIORITY_ROW	maxmin	181	1440	8405	8405	8405	925	0.000140
SELECTED_PRIORITY_ROW	st_ht	8	18	51	44	44	18	0.000008
SELECTED_PRIORITY_ROW	crudeoil_lee2_06	6418	34646	23299675	16574163	16449263	134923	0.031987
SELECTED_PRIORITY_ROW	kan_r3_h1_n4	3183	14062	104945	98715	98715	15597	0.002019
SELECTED_PRIORITY_ROW	primary	378	5610	109639	95258	95258	3428	0.000522
SELECTED_PRIORITY_ROW	syn10m03hfsg	1071	2772	9890	9812	9812	3040	0.000598
SELECTED_PRIORITY_ROW	wastewater02m1	36	138	848	790	790	156	0.000035
SELECTED_PRIORITY_ROW	supplychainr1_022020	4620	15680	273140	273100	273100	20540	0.002540
SELECTED_PRIORITY_ROW	squfl025-025persp	3800	11250	49925	49925	49925	10975	0.001506
SELECTED_PRIORITY_ROW	ringpack_30_2	17999	121458	12394600	2873684	2873684	108470	0.015609
SELECTED_PRIORITY_ROW	nuclear104	39098	257806	103156931	78332024	78332024	523338	0.000000
SELECTED_PRIORITY_ROW	chp_shorttermplan1a	4952	15700	376486	301258	301258	22620	0.003429
SELECTED_PRIORITY_ROW	rocket50	555	3488	19983	19265	19265	3185	0.000432
SELECTED_PRIORITY_ROW	rsyn0840m04m	8508	24272	229914	186241	186241	29583	0.005043
SELECTED_PRIORITY_ROW	mpbp_21	11716	37660	1691114	1456963	1456963	65805	0.008855
SELECTED_PRIORITY_ROW	orth_d4m6_pl	172	1096	10938	10703	10703	1019	0.000152
SELECTED_PRIORITY_ROW	kall_circlespolygons_c1p5b	1681	7432	201759	193841	193841	11831	0.001470
SELECTED_PRIORITY_ROW	acopf_case9241pegase_qcqp	313068	1292408	34647355	33736789	33736789	1988065	0.000000
SELECTED_PRIORITY_ROW	ex1223	33	82	244	244	244	86	0.000028
SELECTED_PRIORITY_ROW	ex6_1_4	10	48	197	153	153	37	0.000012
SELECTED_PRIORITY_ROW	powerflow0014r	403	1630	10761	10361	10361	1783	0.000275
SELECTED_PRIORITY_ROW	knp5-43	2065	31132	3517788	3517788	3517788	36336	0.003784
SELECTED_PRIORITY_ROW	gabriel09	21688	89702	29373994	26366112	26366112	228634	0.027151
SELECTED_PRIORITY_ROW	tln2	32	88	233	233	233	83	0.000024
SELECTED_PRIORITY_ROW	prob02	22	76	267	232	232	66	0.000017
SELECTED_PRIORITY_ROW	blend146	1422	4460	78102	64296	64296	6042	0.000825
SELECTED_PRIORITY_ROW	mpbp_46	4518	14492	499547	447643	447643	24571	0.003200
SELECTED_PRIORITY_ROW	tls6	413	2860	18483	17511	17511	2429	0.000342
SELECTED_PRIORITY_ROW	emfl100_5_5	21925	52300	221650	221650	221650	62300	0.009431
SELECTED_PRIORITY_ROW	qspp_0_11_0_1_10_1	341	44264	3563707	3531915	3531915	24763	0.003438
SELECTED_PRIORITY_ROW	p_ball_10b_5p_4d_m	403	1484	13581	13288	13288	1736	0.000261
SELECTED_PRIORITY_ROW	st_rv9	90	840	6691	6321	6321	679	0.000089
SELECTED_PRIORITY_ROW	rsyn0840m02m	3486	9576	47529	44981	44981	10989	0.001873
SELECTED_PRIORITY_ROW	nvs05	22	84	277	266	266	72	0.000020
SELECTED_PRIORITY_ROW	autocorr_bern25-19	28	612	5278	5278	5278	334	0.000052
SELECTED_PRIORITY_ROW	sssd20-08persp	356	1232	4960	4960	4960	1208	0.000167
SELECTED_PRIORITY_ROW	multiplants_stg5	827	3804	377794	155722	155722	7440	0.000890
SELECTED_PRIORITY_ROW	chimera_rfr-02	2032	15140	3860441	2487310	2487310	51728	0.005858
SELECTED_PRIORITY_ROW	multiplants_stg1a	726	3510	142058	121443	121443	6211	0.000753
SELECTED_PRIORITY_ROW	pooling_adhya4pq	170	932	24314	16556	16556	1362	0.000175
SELECTED_PRIORITY_ROW	nuclear10a	17493	163816	82406325	55754381	55754381	365783	0.000000
SELECTED_PRIORITY_ROW	sonet24v5	874	7260	185654	110276	110276	7010	0.000875
SELECTED_PRIORITY_ROW	transswitch2736spr	69651	331010	7933133	7281507	7281507	439563	0.000000
SELECTED_PRIORITY_ROW	chp_shorttermplan2a	8992	26288	821014	576395	576395	38347	0.005606
SELECTED_PRIORITY_ROW	catmix200	1001	5592	18173	18164	18164	4196	0.000511
SELECTED_PRIORITY_ROW	nvs23	27	252	1921	1221	1221	153	0.000030
SELECTED_PRIORITY_ROW	oaer	20	40	107	107	107	45	0.000013
SELECTED_PRIORITY_ROW	hybriddynamic_fixed	168	388	1103	1103	1103	421	0.000079
SELECTED_PRIORITY_ROW	edgecross24-115	16747	77352	35096942	27626301	27626301	160407	0.021434
SELECTED_PRIORITY_ROW	space25	1178	4334	23567	22528	22528	4186	0.000580
SELECTED_PRIORITY_ROW	methanol400	23999	151728	2586036	1864047	1864047	186271	0.023532
SELECTED_PRIORITY_ROW	pooling_foulds5tp	1218	8364	251833	171941	171941	9811	0.001154
SELECTED_PRIORITY_ROW	pooling_sppa9tp	5040	121302	104609262	16877457	16877457	158869	0.018582
SELECTED_PRIORITY_ROW	st_miqp2	10	18	37	37	37	19	0.000010
SELECTED_PRIORITY_ROW	autocorr_bern30-23	33	878	8940	8940	8940	472	0.000070
SELECTED_PRIORITY_ROW	mpbp_15	9858	31692	1496502	1185325	1185325	56119	0.007622
SELECTED_PRIORITY_ROW	cvxnonsep_psig30r	126	250	501	501	501	251	0.000044
SELECTED_PRIORITY_ROW	rsyn0830hfsg	1590	4100	16168	15383	15383	4687	0.000851
SELECTED_PRIORITY_ROW	crudeoil_pooling_ct1	1271	4642	125127	93863	93863	7323	0.001061
SELECTED_PRIORITY_ROW	multiplants_stg1c	800	3894	150039	143020	143020	6946	0.000846
SELECTED_PRIORITY_ROW	st_pan1	11	32	123	94	94	30	0.000010
SELECTED_PRIORITY_ROW	multiplants_stg1b	814	3992	308612	187593	187593	7725	0.000902
SELECTED_PRIORITY_ROW	methanol200	11999	76128	1290836	905945	905945	92103	0.011668
SELECTED_PRIORITY_ROW	faclay35	26778	132380	33630126	32021838	32021838	204090	0.029316
SELECTED_PRIORITY_ROW	emfl050_5_5	13175	32300	155400	155400	155400	38550	0.005828
SELECTED_PRIORITY_ROW	transswitch2383wpr	59853	277562	3946309	3861509	3861509	332327	0.000000
SELECTED_PRIORITY_ROW	chimera_lga-01	1120	6400	668019	497101	497101	15989	0.001958
SELECTED_PRIORITY_ROW	gasprod_sarawak16	4596	15316	213850	196064	196064	22604	0.003285
SELECTED_PRIORITY_ROW	crudeoil_lee4_09	15904	101792	208785578	130655525	130655525	559733	0.000000
SELECTED_PRIORITY_ROW	arki0013	44909	160172	390472987	157005417	157005417	695571	0.000000
SELECTED_PRIORITY_ROW	st_m1	42	432	3097	3097	3097	313	0.000055
SELECTED_PRIORITY_ROW	mpbp_47	5310	17098	730624	652248	652248	30546	0.003927
SELECTED_PRIORITY_ROW	rsyn0815m	821	2242	8260	7745	7745	2365	0.000428
SELECTED_PRIORITY_ROW	arki0016	7993	37208	878890	835803	835803	47535	0.007019
SELECTED_PRIORITY_ROW	st_glmp_ss2	18	48	121	121	121	45	0.000017
SELECTED_PRIORITY_ROW	rsyn0810m02hfsg	2670	6964	36862	34753	34753	8593	0.001404
SELECTED_PRIORITY_ROW	pointpack06	55	276	1497	1497	1497	241	0.000047
SELECTED_PRIORITY_ROW	syn40m04hfsg	6328	16896	76232	73685	73685	18919	0.002966
SELECTED_PRIORITY_ROW	clay0304m	258	840	2742	2742	2742	798	0.000128
SELECTED_PRIORITY_ROW	pooling_foulds5pq	1218	8300	159641	159641	159641	9583	0.001121
SELECTED_PRIORITY_ROW	clay0305hfsg	1000	2910	12260	11240	11240	3160	0.000459
SELECTED_PRIORITY_ROW	st_test8	64	232	2343	1964	1964	316	0.000050
SELECTED_PRIORITY_ROW	gams05	17364	252910	6179750712	3259322396	3259322396	3290984	0.000000
SELECTED_PRIORITY_ROW	sporttournament08	31	156	862	862	862	154	0.000034
SELECTED_PRIORITY_ROW	powerflow0030p	1121	4194	24944	23642	23642	4378	0.000681
SELECTED_PRIORITY_ROW	popdynm200	22407	105584	2567878	2436690	2436150	185112	0.040030
SELECTED_PRIORITY_ROW	mpbp_35	11120	40790	3037207	976558	976558	63274	0.008833
SELECTED_PRIORITY_ROW	syn30m02m	1492	3936	13752	13455	13455	4221	0.000768
SELECTED_PRIORITY_ROW	wastewater13m1	481	3252	60135	60068	60068	3560	0.000417
SELECTED_PRIORITY_ROW	syn40hfsg	1022	2624	8432	8155	8155	2807	0.000478
SELECTED_PRIORITY_ROW	sep1	69	206	1097	1047	1047	249	0.000051
SELECTED_PRIORITY_ROW	syn30m03m	2508	6804	26806	26552	26552	7404	0.001211
SELECTED_PRIORITY_ROW	st_qpc-m3a	30	304	2330	1574	1574	182	0.000033
SELECTED_PRIORITY_ROW	crudeoil_pooling_ct3	2644	11426	1381490	866223	866223	26611	0.003655
SELECTED_PRIORITY_ROW	space25a	634	3246	29078	27875	27875	3349	0.000475
SELECTED_PRIORITY_ROW	autocorr_bern20-15	23	394	2784	2784	2784	220	0.000037
SELECTED_PRIORITY_ROW	ex7_2_1	35	134	352	341	341	103	0.000024
SELECTED_PRIORITY_ROW	hydroenergy2	2092	6236	69051	56014	56014	8284	0.001157
SELECTED_PRIORITY_ROW	pooling_digabel19	514	5340	325989	274903	274903	8765	0.001015
SELECTED_PRIORITY_ROW	clay0203m	132	420	1348	1348	1348	402	0.000071
SELECTED_PRIORITY_ROW	squfl030-150	13680	36000	252605	252605	252605	41115	0.005628
SELECTED_PRIORITY_TOTAL score=0.791259803417 wins=10 seconds=0.918661 max=0.059225
