CAMPAIGN_ROW	slay06m	357	1080	4025	4025	1113	4025	4025	4025	4025	4025	4025	4025	4025	4025	4025	4025	4025
CAMPAIGN_ROW	sssd25-08	401	1200	5389	5389	1325	5389	5389	5389	5389	5389	5389	5389	5389	5389	5389	5389	5389
CAMPAIGN_ROW	rsyn0810m04m	4772	13836	147553	113458	17276	113458	113458	113458	113458	113458	113458	113458	113458	113458	113458	113458	113458
CAMPAIGN_ROW	pooling_sppc3pq	23173	893724	1153877333	325595394	1305528	325595394	325595394	325595394	325595394	325595394	325595394	325595394	325595394	325595394	325595394	325595394	325595394
CAMPAIGN_ROW	sporttournament48	1131	6676	919582	594138	20480	594138	594138	594138	594138	594138	594138	594138	594138	594138	594138	594138	594138
CAMPAIGN_ROW	pooling_sppa9pq	5030	120730	23971280	15130622	152488	15130622	15130622	15130622	15130622	15130622	15130622	15130622	15130622	15130622	15130622	15130622	15130622
CAMPAIGN_ROW	edgecross10-090	1053	5204	126115	103179	5545	103179	103179	103179	103179	103179	103179	103179	103179	103179	103179	103179	103179
CAMPAIGN_ROW	maxcsp-ehi-85-297-71	2372	207996	1381768944	1110971341	1294981	1110971341	1110971341	1110971341	1110971341	1110971341	1110971341	1110971341	1110971341	1110971341	1110971341	1110971341	1110971341
CAMPAIGN_ROW	st_bpaf1a	30	120	623	580	120	580	580	580	580	580	580	580	580	580	580	580	580
CAMPAIGN_ROW	risk2bpb	1462	5396	118471	66041	6655	66041	66041	66041	66041	66041	66041	66041	66041	66041	66041	66041	66041
CAMPAIGN_ROW	qap	255	43748	3802533	3650113	25541	3650113	3650113	3650113	3650113	3650113	3650113	3650113	3650113	3650113	3650113	3650113	3650113
CAMPAIGN_ROW	rsyn0830m04m	7252	20752	212130	171680	25680	171680	171680	171680	171680	171680	171680	171680	171680	171680	171680	171680	171680
CAMPAIGN_ROW	lop97icx	1073	2118	79286	64044	3950	64044	64044	64044	64044	64044	64044	64044	64044	64044	64044	64044	64044
CAMPAIGN_ROW	chain400	1201	4796	16382	16382	4398	16382	16382	16382	16382	16382	16382	16382	16382	16382	16382	16382	16382
CAMPAIGN_ROW	mpbp_07	9532	30810	1368477	1248947	55603	1248947	1248947	1248947	1248947	1248947	1248947	1248947	1248947	1248947	1248947	1248947	1248947
CAMPAIGN_ROW	sonetgr17	440	2958	37814	30971	2807	30971	30971	30971	30971	30971	30971	30971	30971	30971	30971	30971	30971
CAMPAIGN_ROW	p_ball_30b_7p_2d_h	2207	7516	42456	42319	7771	42319	42319	42319	42319	42319	42319	42319	42319	42319	42319	42319	42319
CAMPAIGN_ROW	pinene200	19995	97990	1358716	1134463	133427	1134463	1134463	1134463	1134463	1134463	1134463	1134463	1134463	1134463	1134463	1134463	1134463
CAMPAIGN_ROW	unitcommit_200_100_1_mod_8	146830	476332	3053940	2981835	498723	2981835	2981835	2981835	2981835	2981835	2981835	2981835	2981835	2981835	2981835	2981835	2981835
CAMPAIGN_ROW	ex8_3_9	123	834	15050	11503	1019	11503	11503	11503	11503	11503	11503	11503	11503	11503	11503	11503	11503
CAMPAIGN_ROW	rsyn0820m02m	2486	6932	38190	35631	8131	35631	35631	35631	35631	35631	35631	35631	35631	35631	35631	35631	35631
CAMPAIGN_ROW	p_ball_10b_5p_2d_m	293	964	6648	6547	1135	6547	6547	6547	6547	6547	6547	6547	6547	6547	6547	6547	6547
CAMPAIGN_ROW	pooling_adhya4tp	170	936	26842	20581	1459	20581	20581	20581	20581	20581	20581	20581	20581	20581	20581	20581	20581
CAMPAIGN_ROW	squfl015-080persp	7295	21600	74520	74520	20600	74520	74520	74520	74520	74520	74520	74520	74520	74520	74520	74520	74520
CAMPAIGN_ROW	edgecross10-080	1053	5940	170814	164639	6247	164639	164639	164639	164639	164639	164639	164639	164639	164639	164639	164639	164639
CAMPAIGN_ROW	clay0204hfsg	590	1696	7198	6562	1858	6562	6562	6562	6562	6562	6562	6562	6562	6562	6562	6562	6562
CAMPAIGN_ROW	st_bsj2	13	40	143	114	36	114	114	114	114	114	114	114	114	114	114	114	114
CAMPAIGN_ROW	chimera_mgw-c8-439-onc8-002	440	3038	97870	86464	5210	86464	86464	86464	86464	86464	86464	86464	86464	86464	86464	86464	86464
CAMPAIGN_ROW	batchs201210m	5188	17910	349298	303381	21409	303381	303381	303381	303381	303381	303381	303381	303381	303381	303381	303381	303381
CAMPAIGN_ROW	rsyn0815m04m	5456	15756	184352	143458	20102	143458	143458	143458	143458	143458	143458	143458	143458	143458	143458	143458	143458
CAMPAIGN_ROW	syn40m	560	1528	5007	4829	1585	4829	4829	4829	4829	4829	4829	4829	4829	4829	4829	4829	4829
CAMPAIGN_ROW	knp5-44	2157	32604	3764003	3764003	38039	3764003	3764003	3764003	3764003	3764003	3764003	3764003	3764003	3764003	3764003	3764003	3764003
CAMPAIGN_ROW	ex1263a	94	390	2098	2098	392	2098	2098	2098	2098	2098	2098	2098	2098	2098	2098	2098	2098
CAMPAIGN_ROW	st_e41	8	32	88	88	24	88	88	88	88	88	88	88	88	88	88	88	88
CAMPAIGN_ROW	squfl025-030	2305	6000	42305	42305	7105	42305	42305	42305	42305	42305	42305	42305	42305	42305	42305	42305	42305
CAMPAIGN_ROW	wastewater05m1	98	536	11690	8036	722	8036	8036	8036	8036	8036	8036	8036	8036	8036	8036	8036	8036
CAMPAIGN_ROW	cvxnonsep_psig20	20	380	2870	2870	210	2870	2870	2870	2870	2870	2870	2870	2870	2870	2870	2870	2870
CAMPAIGN_ROW	meanvar-orl400_05_e_8	4405	171604	21923414	21922611	91407	21922611	21922611	21922611	21922611	21922611	21922611	21922611	21922611	21922611	21922611	21922611	21922611
CAMPAIGN_ROW	st_e31	301	744	4534	4257	983	4257	4257	4257	4257	4257	4257	4257	4257	4257	4257	4257	4257
CAMPAIGN_ROW	pooling_sppc1pq	14100	477680	812210652	136686008	761724	136686008	136686008	136686008	136686008	136686008	136686008	136686008	136686008	136686008	136686008	136686008	136686008
CAMPAIGN_ROW	pooling_haverly1pq	31	96	412	403	105	403	403	403	403	403	403	403	403	403	403	403	403
CAMPAIGN_ROW	graphpart_3g-0244-0244	128	672	33446	32534	1608	32534	32534	32534	32534	32534	32534	32534	32534	32534	32534	32534	32534
CAMPAIGN_ROW	graphpart_clique-20	80	1260	34885	27856	1384	27856	27856	27856	27856	27856	27856	27856	27856	27856	27856	27856	27856
CAMPAIGN_ROW	mpbp_48	28368	91016	33835023	16144599	218431	16144599	16144599	16144599	16144599	16144599	16144599	16144599	16144599	16144599	16144599	16144599	16144599
CAMPAIGN_ROW	pooling_sppb5pq	18529	674470	523815053	213571545	857699	213571545	213571545	213571545	213571545	213571545	213571545	213571545	213571545	213571545	213571545	213571545	213571545
CAMPAIGN_ROW	slay07m	497	1512	5740	5740	1554	5740	5740	5740	5740	5740	5740	5740	5740	5740	5740	5740	5740
CAMPAIGN_ROW	nvs19	24	200	1353	884	124	884	884	884	884	884	884	884	884	884	884	884	884
CAMPAIGN_ROW	oil	3270	8430	36313	34760	9956	34760	34760	34760	34760	34760	34760	34760	34760	34760	34760	34760	34760
CAMPAIGN_ROW	squfl015-060	2775	7200	36400	36400	8280	36400	36400	36400	36400	36400	36400	36400	36400	36400	36400	36400	36400
CAMPAIGN_ROW	ndcc12persp	1112	5522	299115	284793	10779	284793	284793	284793	284793	284793	284793	284793	284793	284793	284793	284793	284793
CAMPAIGN_ROW	kissing2	20772	401024	156414018	156414018	482006	156414018	156414018	156414018	156414018	156414018	156414018	156414018	156414018	156414018	156414018	156414018	156414018
CAMPAIGN_ROW	nuclear25a	1942	16030	1977163	1136191	28193	1136191	1136191	1136191	1136191	1136191	1136191	1136191	1136191	1136191	1136191	1136191	1136191
CAMPAIGN_ROW	clay0204m	222	704	2330	2330	682	2330	2330	2330	2330	2330	2330	2330	2330	2330	2330	2330	2330
CAMPAIGN_ROW	st_ph13	23	68	207	178	60	178	178	178	178	178	178	178	178	178	178	178	178
CAMPAIGN_ROW	edgecross10-030	1053	4654	135854	100080	5536	100080	100080	100080	100080	100080	100080	100080	100080	100080	100080	100080	100080
CAMPAIGN_ROW	chain200	601	2396	8182	8182	2198	8182	8182	8182	8182	8182	8182	8182	8182	8182	8182	8182	8182
CAMPAIGN_ROW	ex1223b	25	66	178	178	64	178	178	178	178	178	178	178	178	178	178	178	178
CAMPAIGN_ROW	slay09h	2718	7488	36057	32385	8703	32385	32385	32385	32385	32385	32385	32385	32385	32385	32385	32385	32385
CAMPAIGN_ROW	ndcc12	974	5982	345696	329556	12112	329556	329556	329556	329556	329556	329556	329556	329556	329556	329556	329556	329556
CAMPAIGN_ROW	kall_circlesrectangles_c6r39	1306	5378	75744	74610	7868	74610	74610	74610	74610	74610	74610	74610	74610	74610	74610	74610	74610
CAMPAIGN_ROW	squfl020-150	9170	24000	135020	135020	27360	135020	135020	135020	135020	135020	135020	135020	135020	135020	135020	135020	135020
CAMPAIGN_ROW	autocorr_bern40-30	43	1534	20034	20034	810	20034	20034	20034	20034	20034	20034	20034	20034	20034	20034	20034	20034
CAMPAIGN_ROW	slay08m	660	2016	7796	7796	2068	7796	7796	7796	7796	7796	7796	7796	7796	7796	7796	7796	7796
CAMPAIGN_ROW	chimera_mgw-c16-2031-01	2032	15900	3328073	2565876	53470	2565876	2561396	2565876	2565876	2565876	2565876	2565876	2561396	2565876	2565876	2565876	2565876
CAMPAIGN_ROW	forest	713	2658	10614	10543	2445	10543	10543	10543	10543	10543	10543	10543	10543	10543	10543	10543	10543
CAMPAIGN_ROW	qspp_0_10_0_1_10_1	280	29636	1942907	1932414	16660	1932414	1932414	1932414	1932414	1932414	1932414	1932414	1932414	1932414	1932414	1932414	1932414
CAMPAIGN_ROW	st_ph1	16	58	274	233	55	233	233	233	233	233	233	233	233	233	233	233	233
CAMPAIGN_ROW	elf	124	376	2733	2173	441	2173	2173	2173	2173	2173	2173	2173	2173	2173	2173	2173	2173
CAMPAIGN_ROW	ex3_1_3	18	36	90	83	37	83	83	83	83	83	83	83	83	83	83	83	83
CAMPAIGN_ROW	cvxnonsep_normcon40r	162	322	645	645	323	645	645	645	645	645	645	645	645	645	645	645	645
CAMPAIGN_ROW	demo7	155	618	3579	3426	620	3426	3426	3426	3426	3426	3426	3426	3426	3426	3426	3426	3426
CAMPAIGN_ROW	waternd2	615	2580	155674	74817	4059	74817	74817	74817	74817	74817	74817	74817	74817	74817	74817	74817	74817
CAMPAIGN_ROW	prolog	64	292	1245	1225	257	1225	1225	1225	1225	1225	1225	1225	1225	1225	1225	1225	1225
CAMPAIGN_ROW	ex14_1_8	11	30	80	80	28	80	80	80	80	80	80	80	80	80	80	80	80
CAMPAIGN_ROW	faclay75	272878	1379706	3204527350	3013800414	3449330	3013800414	3013800414	3013800414	3013800414	3013800414	3013800414	3013800414	3013800414	3013800414	3013800414	3013800414	3013800414
CAMPAIGN_ROW	st_qpk3	55	548	5467	3762	374	3762	3762	3762	3762	3762	3762	3762	3762	3762	3762	3762	3762
CAMPAIGN_ROW	mpbp_34	11556	40860	3093917	891674	62446	891674	891674	891674	891674	891674	891674	891674	891674	891674	891674	891674	891674
CAMPAIGN_ROW	cvxnonsep_normcon20r	82	162	325	325	163	325	325	325	325	325	325	325	325	325	325	325	325
CAMPAIGN_ROW	cvxnonsep_psig20r	86	170	341	341	171	341	341	341	341	341	341	341	341	341	341	341	341
CAMPAIGN_ROW	crudeoil_pooling_dt2	18742	75910	14985540	9947932	174214	9947932	9947927	9947927	9947932	9947932	9947932	9947927	9947927	9947927	9947927	9947927	9947927
CAMPAIGN_ROW	rsyn0805m03m	2868	8270	60979	54853	10111	54853	54853	54853	54853	54853	54853	54853	54853	54853	54853	54853	54853
CAMPAIGN_ROW	st_iqpbk1	22	98	295	295	71	295	295	295	295	295	295	295	295	295	295	295	295
CAMPAIGN_ROW	waterund01	96	404	4546	3317	457	3317	3317	3317	3317	3317	3317	3317	3317	3317	3317	3317	3317
CAMPAIGN_ROW	pointpack04	29	120	577	577	113	577	577	577	577	577	577	577	577	577	577	577	577
CAMPAIGN_ROW	st_e22	12	30	77	70	28	70	70	70	70	70	70	70	70	70	70	70	70
CAMPAIGN_ROW	faclay30	16678	82242	13452923	12850431	116585	12850431	12850431	12850431	12850431	12850431	12850431	12850431	12850431	12850431	12850431	12850431	12850431
CAMPAIGN_ROW	arki0002	4432	11248	683476	667374	27906	667374	667374	667374	667374	667374	667374	667374	667374	667374	667374	667374	667374
CAMPAIGN_ROW	transswitch0300p	11659	48446	404940	377741	51785	377741	377741	377741	377741	377741	377741	377741	377741	377741	377741	377741	377741
CAMPAIGN_ROW	crudeoil_pooling_dt3	30660	152210	48975085	33883414	471330	33883414	33883414	33883414	33883414	33883414	33883414	33883414	33883414	33883414	33883414	33883414	33883414
CAMPAIGN_ROW	gasprod_sarawak81	22536	75636	1030380	941231	110997	941231	941231	941231	941231	941231	941231	941231	941231	941231	941231	941231	941231
CAMPAIGN_ROW	maxcsp-langford-3-11	660	29646	33444033	10360919	72709	10360919	10360919	10360919	10360919	10360919	10360919	10360919	10360919	10360919	10360919	10360919	10360919
CAMPAIGN_ROW	p_ball_30b_5p_2d_h	1543	5224	25843	25742	5370	25742	25742	25742	25742	25742	25742	25742	25742	25742	25742	25742	25742
CAMPAIGN_ROW	ringpack_20_3	6709	45220	2415136	865627	40969	865627	865627	865627	865627	865627	865627	865627	865627	865627	865627	865627	865627
CAMPAIGN_ROW	waste	4825	21504	1468261	1270649	38413	1270649	1270649	1270649	1270649	1270649	1270649	1270649	1270649	1270649	1270649	1270649	1270649
CAMPAIGN_ROW	catmix400	2001	11192	36373	36364	8396	36364	36364	36364	36364	36364	36364	36364	36364	36364	36364	36364	36364
CAMPAIGN_ROW	rsyn0815m02hfsg	3054	7968	44604	41416	9904	41416	41416	41416	41416	41416	41416	41416	41416	41416	41416	41416	41416
CAMPAIGN_ROW	p_ball_10b_7p_3d_h	1236	4186	24380	23744	4436	23744	23744	23744	23744	23744	23744	23744	23744	23744	23744	23744	23744
CAMPAIGN_ROW	chimera_k64ising-02	1225	3846	613390	371142	11742	371142	371142	371142	371142	371142	371142	371142	371142	371142	371142	371142	371142
CAMPAIGN_ROW	batchs121208m	3404	11462	138030	128816	13224	128816	128816	128816	128816	128816	128816	128816	128816	128816	128816	128816	128816
CAMPAIGN_ROW	nvs02	11	46	142	142	36	142	142	142	142	142	142	142	142	142	142	142	142
CAMPAIGN_ROW	wastepaper6	191	1416	16611	16611	1511	16611	16611	16611	16611	16611	16611	16611	16611	16611	16611	16611	16611
CAMPAIGN_ROW	syn15hfsg	399	1022	3300	3272	1106	3272	3272	3272	3272	3272	3272	3272	3272	3272	3272	3272	3272
CAMPAIGN_ROW	st_jcbpaf2	36	246	1635	1543	199	1543	1543	1543	1543	1543	1543	1543	1543	1543	1543	1543	1543
CAMPAIGN_ROW	camshape400	2000	7188	16768	16768	5594	16768	16768	16768	16768	16768	16768	16768	16768	16768	16768	16768	16768
CAMPAIGN_ROW	graphpart_clique-30	120	2790	114505	91153	3027	91153	91153	91153	91153	91153	91153	91153	91153	91153	91153	91153	91153
CAMPAIGN_ROW	graphpart_clique-70	280	14910	1413012	1144894	15796	1144894	1144894	1144894	1144894	1144894	1144894	1144894	1144894	1144894	1144894	1144894	1144894
CAMPAIGN_ROW	smallinvDAXr1b010-011	39	1120	13510	13319	599	13319	13319	13319	13319	13319	13319	13319	13319	13319	13319	13319	13319
CAMPAIGN_ROW	nd_netgen-2000-3-4-b-a-ns_7	22074	60000	289420	273394	64374	273394	273394	273394	273394	273394	273394	273394	273394	273394	273394	273394	273394
CAMPAIGN_ROW	slay05m	240	720	2635	2635	745	2635	2635	2635	2635	2635	2635	2635	2635	2635	2635	2635	2635
CAMPAIGN_ROW	chimera_selby-c16-01	2031	10964	3605628	2421342	50264	2420818	2421078	2420818	2421342	2421342	2421342	2420818	2420818	2420818	2420818	2420818	2420818
CAMPAIGN_ROW	csched1	110	376	975	975	323	975	975	975	975	975	975	975	975	975	975	975	975
CAMPAIGN_ROW	watercontamination0303r	1310	37028	2171882	2171882	20194	2171882	2171882	2171882	2171882	2171882	2171882	2171882	2171882	2171882	2171882	2171882	2171882
CAMPAIGN_ROW	ex9_2_4	15	36	117	117	41	117	117	117	117	117	117	117	117	117	117	117	117
CAMPAIGN_ROW	sssd15-04	163	440	1625	1625	497	1625	1625	1625	1625	1625	1625	1625	1625	1625	1625	1625	1625
CAMPAIGN_ROW	autocorr_bern35-35fix	38	1264	16214	16214	670	16214	16214	16214	16214	16214	16214	16214	16214	16214	16214	16214	16214
CAMPAIGN_ROW	sfacloc2_4_90	1491	4500	31682	28843	5335	28843	28843	28843	28843	28843	28843	28843	28843	28843	28843	28843	28843
CAMPAIGN_ROW	cont6-qq	120395	557994	835894090	581918900	3410086	581918900	581918900	581918900	581918900	581918900	581918900	581918900	581918900	581918900	581918900	581918900	581918900
CAMPAIGN_ROW	meanvar-orl400_05_e_7	5205	174804	21939414	21935811	95007	21935811	21935811	21935811	21935811	21935811	21935811	21935811	21935811	21935811	21935811	21935811	21935811
CAMPAIGN_ROW	glider400	10017	49624	373018	327531	54133	327531	327531	327531	327531	327531	327531	327531	327531	327531	327531	327531	327531
CAMPAIGN_ROW	syn40m04m	4960	13792	65982	63265	15219	63265	63265	63265	63265	63265	63265	63265	63265	63265	63265	63265	63265
CAMPAIGN_ROW	ex2_1_3	31	72	189	189	73	189	189	189	189	189	189	189	189	189	189	189	189
CAMPAIGN_ROW	qapw	705	87496	12183146	12183146	69878	12183146	12183146	12183146	12183146	12183146	12183146	12183146	12183146	12183146	12183146	12183146	12183146
CAMPAIGN_ROW	himmel11	14	60	198	198	48	198	198	198	198	198	198	198	198	198	198	198	198
CAMPAIGN_ROW	syn15m04m	1908	5288	26094	25061	5853	25061	25061	25061	25061	25061	25061	25061	25061	25061	25061	25061	25061
CAMPAIGN_ROW	pooling_rt2tp	118	654	5876	5796	708	5796	5796	5796	5796	5796	5796	5796	5796	5796	5796	5796	5796
CAMPAIGN_ROW	waterund14	333	2204	200484	72184	3330	72184	72184	72184	72184	72184	72184	72184	72184	72184	72184	72184	72184
CAMPAIGN_ROW	crudeoil_lee4_10	17809	120632	294531623	184173410	690884	184173410	184173410	184173410	184173410	184173410	184173410	184173410	184173410	184173410	184173410	184173410	184173410
CAMPAIGN_ROW	pooling_foulds4pq	1294	8302	138692	138540	9768	138540	138540	138540	138540	138540	138540	138540	138540	138540	138540	138540	138540
CAMPAIGN_ROW	edgecross14-156	3097	19664	1487933	1376964	22658	1376964	1376964	1376964	1376964	1376964	1376964	1376964	1376964	1376964	1376964	1376964	1376964
CAMPAIGN_ROW	tspn08	72	668	11074	7600	602	7600	7600	7600	7600	7600	7600	7600	7600	7600	7600	7600	7600
CAMPAIGN_ROW	crudeoil_li05	4225	14628	680022	533531	25833	533531	533531	533531	533531	533531	533531	533531	533531	533531	533531	533531	533531
CAMPAIGN_ROW	procurement1large	14416	41068	13858240	7376882	108978	7375906	7373904	7376810	7376882	7376882	7374110	7372274	7372894	7372894	7374009	7374009	7373389
CAMPAIGN_ROW	blend721	1428	4548	77560	66143	6157	66143	66143	66143	66143	66143	66143	66143	66143	66143	66143	66143	66143
CAMPAIGN_ROW	chimera_selby-c16-02	2031	10878	4280329	2298935	48835	2298935	2298935	2298935	2298935	2298935	2298935	2298935	2298935	2298935	2298935	2298935	2298935
CAMPAIGN_ROW	supplychainr1_053050	16640	57800	2173490	2173490	77190	2173490	2173490	2173490	2173490	2173490	2173490	2173490	2173490	2173490	2173490	2173490	2173490
CAMPAIGN_ROW	sfacloc2_4_80	5067	21424	93048	88884	17868	88884	88884	88884	88884	88884	88884	88884	88884	88884	88884	88884	88884
CAMPAIGN_ROW	st_e24	10	26	64	57	23	57	57	57	57	57	57	57	57	57	57	57	57
CAMPAIGN_ROW	edgecross10-040	1053	5116	161851	143518	6034	143518	143518	143518	143518	143518	143518	143518	143518	143518	143518	143518	143518
CAMPAIGN_ROW	sonet21v6	8232	40744	1643311	1585871	40593	1585871	1585871	1585871	1585871	1585871	1585871	1585871	1585871	1585871	1585871	1585871	1585871
CAMPAIGN_ROW	squfl010-080	2490	6400	27665	27665	7335	27665	27665	27665	27665	27665	27665	27665	27665	27665	27665	27665	27665
CAMPAIGN_ROW	genpooling_lee2	221	1048	19895	14028	1302	14028	14028	14028	14028	14028	14028	14028	14028	14028	14028	14028	14028
CAMPAIGN_ROW	popdynm25	2807	13904	360081	286812	22528	286812	286812	286812	286812	286812	286812	286812	286812	286812	286812	286812	286812
CAMPAIGN_ROW	chp_partload	5211	16740	509170	373797	28209	373797	373797	373797	373797	373797	373797	373797	373797	373797	373797	373797	373797
CAMPAIGN_ROW	qspp_0_14_0_1_10_1	560	120274	16119226	16038266	67194	16038266	16038266	16038266	16038266	16038266	16038266	16038266	16038266	16038266	16038266	16038266	16038266
CAMPAIGN_ROW	st_glmp_ss1	24	66	160	160	60	160	160	160	160	160	160	160	160	160	160	160	160
CAMPAIGN_ROW	torsion50	2508	29808	1691033	1119054	42300	1119054	1119054	1119054	1119054	1119054	1119054	1119054	1119054	1119054	1119054	1119054	1119054
CAMPAIGN_ROW	st_rv2	40	340	2045	2045	255	2045	2045	2045	2045	2045	2045	2045	2045	2045	2045	2045	2045
CAMPAIGN_ROW	emfl100_3_3	6885	15948	55506	55506	18972	55506	55506	55506	55506	55506	55506	55506	55506	55506	55506	55506	55506
CAMPAIGN_ROW	pedigree_sim400	351	23546	1183471	1183168	12124	1183168	1183168	1183168	1183168	1183168	1183168	1183168	1183168	1183168	1183168	1183168	1183168
CAMPAIGN_ROW	polygon75	5846	49652	1171822	1171822	30672	1171822	1171822	1171822	1171822	1171822	1171822	1171822	1171822	1171822	1171822	1171822	1171822
CAMPAIGN_ROW	gabriel10	244056	1148210	1365442310	1267760679	4735821	1267760679	1267760679	1267760679	1267760679	1267760679	1267760679	1267760679	1267760679	1267760679	1267760679	1267760679	1267760679
CAMPAIGN_ROW	fo9_ar25_1	1049	4336	41668	38237	4747	38237	38237	38237	38237	38237	38237	38237	38237	38237	38237	38237	38237
CAMPAIGN_ROW	rsyn0840m	1159	3168	11274	10602	3316	10602	10602	10602	10602	10602	10602	10602	10602	10602	10602	10602	10602
CAMPAIGN_ROW	gancns	548	2800	69234	58861	4041	58861	58861	58861	58861	58861	58861	58861	58861	58861	58861	58861	58861
CAMPAIGN_ROW	o9_ar4_1	1049	4336	41668	38237	4747	38237	38237	38237	38237	38237	38237	38237	38237	38237	38237	38237	38237
CAMPAIGN_ROW	ex1265a	123	560	3948	3750	588	3750	3750	3750	3750	3750	3750	3750	3750	3750	3750	3750	3750
CAMPAIGN_ROW	ex9_2_6	28	68	190	190	70	190	190	190	190	190	190	190	190	190	190	190	190
CAMPAIGN_ROW	qspp_0_13_0_1_10_1	481	88522	10150185	10097446	49486	10097446	10097446	10097446	10097446	10097446	10097446	10097446	10097446	10097446	10097446	10097446	10097446
CAMPAIGN_ROW	slay04m	146	432	1554	1554	450	1554	1554	1554	1554	1554	1554	1554	1554	1554	1554	1554	1554
CAMPAIGN_ROW	st_e25	20	92	336	262	66	262	262	262	262	262	262	262	262	262	262	262	262
CAMPAIGN_ROW	ex8_4_1	32	100	225	225	83	225	225	225	225	225	225	225	225	225	225	225	225
CAMPAIGN_ROW	st_e07	19	60	199	199	59	199	199	199	199	199	199	199	199	199	199	199	199
CAMPAIGN_ROW	ex1225	26	66	171	161	63	161	161	161	161	161	161	161	161	161	161	161	161
CAMPAIGN_ROW	ndcc13	969	5882	525212	324727	12325	324727	324727	324727	324727	324727	324727	324727	324727	324727	324727	324727	324727
CAMPAIGN_ROW	syn10m04m	1224	3384	13501	13473	3639	13473	13473	13473	13473	13473	13473	13473	13473	13473	13473	13473	13473
CAMPAIGN_ROW	ex5_2_4	18	62	204	193	55	193	193	193	193	193	193	193	193	193	193	193	193
CAMPAIGN_ROW	st_m2	72	1226	16331	16331	895	16331	16331	16331	16331	16331	16331	16331	16331	16331	16331	16331	16331
CAMPAIGN_ROW	st_bpk1	16	44	115	108	40	108	108	108	108	108	108	108	108	108	108	108	108
CAMPAIGN_ROW	multiplants_stg1	736	3594	197998	155496	6926	155496	155496	155496	155496	155496	155496	155496	155496	155496	155496	155496	155496
CAMPAIGN_ROW	powerflow0300p	11251	41918	304705	292101	45391	292101	292049	292101	292101	292101	292049	292101	292049	292101	292101	292101	292049
CAMPAIGN_ROW	nd_netgen-3000-1-1-b-b-ns_7	33155	90000	922197	885186	101542	885186	885186	885186	885186	885186	885186	885186	885186	885186	885186	885186	885186
CAMPAIGN_ROW	sonet23v4	803	6462	139703	94348	6246	94348	94348	94348	94348	94348	94348	94348	94348	94348	94348	94348	94348
CAMPAIGN_ROW	pooling_sppa0pq	1649	24192	3745896	1214182	31968	1214182	1214182	1214182	1214182	1214182	1214182	1214182	1214182	1214182	1214182	1214182	1214182
CAMPAIGN_ROW	multiplants_mtg1b	645	4404	229415	152043	6901	152043	152043	152043	152043	152043	152043	152043	152043	152043	152043	152043	152043
CAMPAIGN_ROW	sssd18-08persp	338	1168	4654	4654	1142	4654	4654	4654	4654	4654	4654	4654	4654	4654	4654	4654	4654
CAMPAIGN_ROW	ex9_1_2	19	54	188	179	57	179	179	179	179	179	179	179	179	179	179	179	179
CAMPAIGN_ROW	crudeoil_lee1_07	3670	19322	4746188	3513213	52939	3513213	3512781	3513169	3513213	3513213	3513169	3512781	3512781	3512781	3512781	3512781	3513169
CAMPAIGN_ROW	pooling_haverly1tp	31	96	423	403	105	403	403	403	403	403	403	403	403	403	403	403	403
CAMPAIGN_ROW	waterund08	230	1290	35284	30110	1770	30110	30110	30110	30110	30110	30110	30110	30110	30110	30110	30110	30110
CAMPAIGN_ROW	kall_diffcircles_6	76	302	1511	1511	281	1511	1511	1511	1511	1511	1511	1511	1511	1511	1511	1511	1511
CAMPAIGN_ROW	chimera_mgw-c8-439-onc8-001	440	3040	106479	80090	5060	80090	80090	80090	80090	80090	80090	80090	80090	80090	80090	80090	80090
CAMPAIGN_ROW	waterund11	160	828	14818	10705	989	10705	10705	10705	10705	10705	10705	10705	10705	10705	10705	10705	10705
CAMPAIGN_ROW	chp_shorttermplan2d	16364	52108	4089003	1997381	81473	1997381	1997381	1997381	1997381	1997381	1997381	1997381	1997381	1997381	1997381	1997381	1997381
CAMPAIGN_ROW	sporttournament18	156	886	17568	13608	1328	13608	13608	13608	13608	13608	13608	13608	13608	13608	13608	13608	13608
CAMPAIGN_ROW	cvxnonsep_psig30	30	870	9455	9455	465	9455	9455	9455	9455	9455	9455	9455	9455	9455	9455	9455	9455
CAMPAIGN_ROW	ringpack_20_2	6089	40368	1872174	707413	36329	707413	707413	707413	707413	707413	707413	707413	707413	707413	707413	707413	707413
CAMPAIGN_ROW	blend718	1386	4310	70355	61466	5842	61466	61466	61466	61466	61466	61466	61466	61466	61466	61466	61466	61466
CAMPAIGN_ROW	wastepaper4	115	724	9711	7183	807	7183	7183	7183	7183	7183	7183	7183	7183	7183	7183	7183	7183
CAMPAIGN_ROW	squfl010-040persp	2450	7200	22825	22825	6895	22825	22825	22825	22825	22825	22825	22825	22825	22825	22825	22825	22825
CAMPAIGN_ROW	crudeoil_lee4_06	10429	55492	65337120	32834025	235115	32834025	32834025	32834025	32834025	32834025	32834025	32834025	32834025	32834025	32834025	32834025	32834025
CAMPAIGN_ROW	netmod_kar1	1746	4928	56838	43864	6364	43864	43864	43864	43864	43864	43864	43864	43864	43864	43864	43864	43864
CAMPAIGN_ROW	ex8_1_7	14	46	137	128	40	128	128	128	128	128	128	128	128	128	128	128	128
CAMPAIGN_ROW	graphpart_3g-0333-0333	108	648	44928	36228	1594	36228	36228	36228	36228	36228	36228	36228	36228	36228	36228	36228	36228
CAMPAIGN_ROW	slay05h	760	2080	9815	8795	2425	8795	8795	8795	8795	8795	8795	8795	8795	8795	8795	8795	8795
CAMPAIGN_ROW	korcns	156	712	7241	6599	887	6599	6599	6599	6599	6599	6599	6599	6599	6599	6599	6599	6599
CAMPAIGN_ROW	powerflow0118p	5065	18730	121503	117327	20045	117327	117327	117327	117327	117327	117327	117327	117327	117327	117327	117327	117327
CAMPAIGN_ROW	sfacloc2_3_80	4799	20600	84672	81119	16813	81119	81119	81119	81119	81119	81119	81119	81119	81119	81119	81119	81119
CAMPAIGN_ROW	rsyn0820m04m	6028	17372	196890	152980	21916	152980	152980	152980	152980	152980	152980	152980	152980	152980	152980	152980	152980
CAMPAIGN_ROW	hydroenergy1	1046	3024	14089	14089	3435	14089	14089	14089	14089	14089	14089	14089	14089	14089	14089	14089	14089
CAMPAIGN_ROW	maxmin	181	1440	8405	8405	925	8405	8405	8405	8405	8405	8405	8405	8405	8405	8405	8405	8405
CAMPAIGN_ROW	st_ht	8	18	51	44	18	44	44	44	44	44	44	44	44	44	44	44	44
CAMPAIGN_ROW	crudeoil_lee2_06	6418	34646	23299675	16574163	134923	16453796	16542589	16453796	16574163	16574163	16547392	16450647	16449263	16450647	16450647	16450647	16515368
CAMPAIGN_ROW	kan_r3_h1_n4	3183	14062	104945	98715	15597	98715	98715	98715	98715	98715	98715	98715	98715	98715	98715	98715	98715
CAMPAIGN_ROW	primary	378	5610	109639	95258	3428	95258	95258	95258	95258	95258	95258	95258	95258	95258	95258	95258	95258
CAMPAIGN_ROW	syn10m03hfsg	1071	2772	9890	9812	3040	9812	9812	9812	9812	9812	9812	9812	9812	9812	9812	9812	9812
CAMPAIGN_ROW	wastewater02m1	36	138	848	790	156	790	790	790	790	790	790	790	790	790	790	790	790
CAMPAIGN_ROW	supplychainr1_022020	4620	15680	273140	273100	20540	273100	273100	273100	273100	273100	273100	273100	273100	273100	273100	273100	273100
CAMPAIGN_ROW	squfl025-025persp	3800	11250	49925	49925	10975	49925	49925	49925	49925	49925	49925	49925	49925	49925	49925	49925	49925
CAMPAIGN_ROW	ringpack_30_2	17999	121458	12394600	2873684	108470	2873684	2873684	2873684	2873684	2873684	2873684	2873684	2873684	2873684	2873684	2873684	2873684
CAMPAIGN_ROW	nuclear104	39098	257806	103156931	78332024	523338	78332024	78332024	78332024	78332024	78332024	78332024	78332024	78332024	78332024	78332024	78332024	78332024
CAMPAIGN_ROW	chp_shorttermplan1a	4952	15700	376486	301258	22620	301258	301258	301258	301258	301258	301258	301258	301258	301258	301258	301258	301258
CAMPAIGN_ROW	rocket50	555	3488	19983	19265	3185	19265	19265	19265	19265	19265	19265	19265	19265	19265	19265	19265	19265
CAMPAIGN_ROW	rsyn0840m04m	8508	24272	229914	186241	29583	186241	186241	186241	186241	186241	186241	186241	186241	186241	186241	186241	186241
CAMPAIGN_ROW	mpbp_21	11716	37660	1691114	1456963	65805	1456963	1456963	1456963	1456963	1456963	1456963	1456963	1456963	1456963	1456963	1456963	1456963
CAMPAIGN_ROW	orth_d4m6_pl	172	1096	10938	10703	1019	10703	10703	10703	10703	10703	10703	10703	10703	10703	10703	10703	10703
CAMPAIGN_ROW	kall_circlespolygons_c1p5b	1681	7432	201759	193841	11831	193841	193841	193841	193841	193841	193841	193841	193841	193841	193841	193841	193841
CAMPAIGN_ROW	acopf_case9241pegase_qcqp	313068	1292408	34647355	33736789	1988065	33736789	33736789	33736789	33736789	33736789	33736789	33736789	33736789	33736789	33736789	33736789	33736789
CAMPAIGN_ROW	ex1223	33	82	244	244	86	244	244	244	244	244	244	244	244	244	244	244	244
CAMPAIGN_ROW	ex6_1_4	10	48	197	153	37	153	153	153	153	153	153	153	153	153	153	153	153
CAMPAIGN_ROW	powerflow0014r	403	1630	10761	10361	1783	10361	10361	10361	10361	10361	10361	10361	10361	10361	10361	10361	10361
CAMPAIGN_ROW	knp5-43	2065	31132	3517788	3517788	36336	3517788	3517788	3517788	3517788	3517788	3517788	3517788	3517788	3517788	3517788	3517788	3517788
CAMPAIGN_ROW	gabriel09	21688	89702	29373994	26366112	228634	26366112	26366112	26366112	26366112	26366112	26366112	26366112	26366112	26366112	26366112	26366112	26366112
CAMPAIGN_ROW	tln2	32	88	233	233	83	233	233	233	233	233	233	233	233	233	233	233	233
CAMPAIGN_ROW	prob02	22	76	267	232	66	232	232	232	232	232	232	232	232	232	232	232	232
CAMPAIGN_ROW	blend146	1422	4460	78102	64296	6042	64296	64296	64296	64296	64296	64296	64296	64296	64296	64296	64296	64296
CAMPAIGN_ROW	mpbp_46	4518	14492	499547	447643	24571	447643	447643	447643	447643	447643	447643	447643	447643	447643	447643	447643	447643
CAMPAIGN_ROW	tls6	413	2860	18483	17511	2429	17511	17511	17511	17511	17511	17511	17511	17511	17511	17511	17511	17511
CAMPAIGN_ROW	emfl100_5_5	21925	52300	221650	221650	62300	221650	221650	221650	221650	221650	221650	221650	221650	221650	221650	221650	221650
CAMPAIGN_ROW	qspp_0_11_0_1_10_1	341	44264	3563707	3531915	24763	3531915	3531915	3531915	3531915	3531915	3531915	3531915	3531915	3531915	3531915	3531915	3531915
CAMPAIGN_ROW	p_ball_10b_5p_4d_m	403	1484	13581	13288	1736	13288	13288	13288	13288	13288	13288	13288	13288	13288	13288	13288	13288
CAMPAIGN_ROW	st_rv9	90	840	6691	6321	679	6321	6321	6321	6321	6321	6321	6321	6321	6321	6321	6321	6321
CAMPAIGN_ROW	rsyn0840m02m	3486	9576	47529	44981	10989	44981	44981	44981	44981	44981	44981	44981	44981	44981	44981	44981	44981
CAMPAIGN_ROW	nvs05	22	84	277	266	72	266	266	266	266	266	266	266	266	266	266	266	266
CAMPAIGN_ROW	autocorr_bern25-19	28	612	5278	5278	334	5278	5278	5278	5278	5278	5278	5278	5278	5278	5278	5278	5278
CAMPAIGN_ROW	sssd20-08persp	356	1232	4960	4960	1208	4960	4960	4960	4960	4960	4960	4960	4960	4960	4960	4960	4960
CAMPAIGN_ROW	multiplants_stg5	827	3804	377794	155722	7440	155722	155722	155722	155722	155722	155722	155722	155722	155722	155722	155722	155722
CAMPAIGN_ROW	chimera_rfr-02	2032	15140	3860441	2487310	51728	2487310	2487310	2487310	2487310	2487310	2487310	2487310	2487310	2487310	2487310	2487310	2487310
CAMPAIGN_ROW	multiplants_stg1a	726	3510	142058	121443	6211	121443	121443	121443	121443	121443	121443	121443	121443	121443	121443	121443	121443
CAMPAIGN_ROW	pooling_adhya4pq	170	932	24314	16556	1362	16556	16556	16556	16556	16556	16556	16556	16556	16556	16556	16556	16556
CAMPAIGN_ROW	nuclear10a	17493	163816	82406325	55754381	365783	55754381	55754381	55754381	55754381	55754381	55754381	55754381	55754381	55754381	55754381	55754381	55754381
CAMPAIGN_ROW	sonet24v5	874	7260	185654	110276	7010	110276	110276	110276	110276	110276	110276	110276	110276	110276	110276	110276	110276
CAMPAIGN_ROW	transswitch2736spr	69651	331010	7933133	7281507	439563	7281507	7281507	7281507	7281507	7281507	7281507	7281507	7281507	7281507	7281507	7281507	7281507
CAMPAIGN_ROW	chp_shorttermplan2a	8992	26288	821014	576395	38347	576395	576395	576395	576395	576395	576395	576395	576395	576395	576395	576395	576395
CAMPAIGN_ROW	catmix200	1001	5592	18173	18164	4196	18164	18164	18164	18164	18164	18164	18164	18164	18164	18164	18164	18164
CAMPAIGN_ROW	nvs23	27	252	1921	1221	153	1221	1221	1221	1221	1221	1221	1221	1221	1221	1221	1221	1221
CAMPAIGN_ROW	oaer	20	40	107	107	45	107	107	107	107	107	107	107	107	107	107	107	107
CAMPAIGN_ROW	hybriddynamic_fixed	168	388	1103	1103	421	1103	1103	1103	1103	1103	1103	1103	1103	1103	1103	1103	1103
CAMPAIGN_ROW	edgecross24-115	16747	77352	35096942	27626301	160407	27626301	27626301	27626301	27626301	27626301	27626301	27626301	27626301	27626301	27626301	27626301	27626301
CAMPAIGN_ROW	space25	1178	4334	23567	22528	4186	22528	22528	22528	22528	22528	22528	22528	22528	22528	22528	22528	22528
CAMPAIGN_ROW	methanol400	23999	151728	2586036	1864047	186271	1864047	1864047	1864047	1864047	1864047	1864047	1864047	1864047	1864047	1864047	1864047	1864047
CAMPAIGN_ROW	pooling_foulds5tp	1218	8364	251833	171941	9811	171941	171941	171941	171941	171941	171941	171941	171941	171941	171941	171941	171941
CAMPAIGN_ROW	pooling_sppa9tp	5040	121302	104609262	16877457	158869	16877457	16877457	16877457	16877457	16877457	16877457	16877457	16877457	16877457	16877457	16877457	16877457
CAMPAIGN_ROW	st_miqp2	10	18	37	37	19	37	37	37	37	37	37	37	37	37	37	37	37
CAMPAIGN_ROW	autocorr_bern30-23	33	878	8940	8940	472	8940	8940	8940	8940	8940	8940	8940	8940	8940	8940	8940	8940
CAMPAIGN_ROW	mpbp_15	9858	31692	1496502	1185325	56119	1185325	1185325	1185325	1185325	1185325	1185325	1185325	1185325	1185325	1185325	1185325	1185325
CAMPAIGN_ROW	cvxnonsep_psig30r	126	250	501	501	251	501	501	501	501	501	501	501	501	501	501	501	501
CAMPAIGN_ROW	rsyn0830hfsg	1590	4100	16168	15383	4687	15383	15383	15383	15383	15383	15383	15383	15383	15383	15383	15383	15383
CAMPAIGN_ROW	crudeoil_pooling_ct1	1271	4642	125127	93863	7323	93863	93863	93863	93863	93863	93863	93863	93863	93863	93863	93863	93863
CAMPAIGN_ROW	multiplants_stg1c	800	3894	150039	143020	6946	143020	143020	143020	143020	143020	143020	143020	143020	143020	143020	143020	143020
CAMPAIGN_ROW	st_pan1	11	32	123	94	30	94	94	94	94	94	94	94	94	94	94	94	94
CAMPAIGN_ROW	multiplants_stg1b	814	3992	308612	187593	7725	187593	187593	187593	187593	187593	187593	187593	187593	187593	187593	187593	187593
CAMPAIGN_ROW	methanol200	11999	76128	1290836	905945	92103	905945	905945	905945	905945	905945	905945	905945	905945	905945	905945	905945	905945
CAMPAIGN_ROW	faclay35	26778	132380	33630126	32021838	204090	32021838	32021838	32021838	32021838	32021838	32021838	32021838	32021838	32021838	32021838	32021838	32021838
CAMPAIGN_ROW	emfl050_5_5	13175	32300	155400	155400	38550	155400	155400	155400	155400	155400	155400	155400	155400	155400	155400	155400	155400
CAMPAIGN_ROW	transswitch2383wpr	59853	277562	3946309	3861509	332327	3861509	3861509	3861509	3861509	3861509	3861509	3861509	3861509	3861509	3861509	3861509	3861509
CAMPAIGN_ROW	chimera_lga-01	1120	6400	668019	497101	15989	497101	497101	497101	497101	497101	497101	497101	497101	497101	497101	497101	497101
CAMPAIGN_ROW	gasprod_sarawak16	4596	15316	213850	196064	22604	196064	196064	196064	196064	196064	196064	196064	196064	196064	196064	196064	196064
CAMPAIGN_ROW	crudeoil_lee4_09	15904	101792	208785578	130655525	559733	130655525	130655525	130655525	130655525	130655525	130655525	130655525	130655525	130655525	130655525	130655525	130655525
CAMPAIGN_ROW	arki0013	44909	160172	390472987	157005417	695571	157005417	157005417	157005417	157005417	157005417	157005417	157005417	157005417	157005417	157005417	157005417	157005417
CAMPAIGN_ROW	st_m1	42	432	3097	3097	313	3097	3097	3097	3097	3097	3097	3097	3097	3097	3097	3097	3097
CAMPAIGN_ROW	mpbp_47	5310	17098	730624	652248	30546	652248	652248	652248	652248	652248	652248	652248	652248	652248	652248	652248	652248
CAMPAIGN_ROW	rsyn0815m	821	2242	8260	7745	2365	7745	7745	7745	7745	7745	7745	7745	7745	7745	7745	7745	7745
CAMPAIGN_ROW	arki0016	7993	37208	878890	835803	47535	835803	835803	835803	835803	835803	835803	835803	835803	835803	835803	835803	835803
CAMPAIGN_ROW	st_glmp_ss2	18	48	121	121	45	121	121	121	121	121	121	121	121	121	121	121	121
CAMPAIGN_ROW	rsyn0810m02hfsg	2670	6964	36862	34753	8593	34753	34753	34753	34753	34753	34753	34753	34753	34753	34753	34753	34753
CAMPAIGN_ROW	pointpack06	55	276	1497	1497	241	1497	1497	1497	1497	1497	1497	1497	1497	1497	1497	1497	1497
CAMPAIGN_ROW	syn40m04hfsg	6328	16896	76232	73685	18919	73685	73685	73685	73685	73685	73685	73685	73685	73685	73685	73685	73685
CAMPAIGN_ROW	clay0304m	258	840	2742	2742	798	2742	2742	2742	2742	2742	2742	2742	2742	2742	2742	2742	2742
CAMPAIGN_ROW	pooling_foulds5pq	1218	8300	159641	159641	9583	159641	159641	159641	159641	159641	159641	159641	159641	159641	159641	159641	159641
CAMPAIGN_ROW	clay0305hfsg	1000	2910	12260	11240	3160	11240	11240	11240	11240	11240	11240	11240	11240	11240	11240	11240	11240
CAMPAIGN_ROW	st_test8	64	232	2343	1964	316	1964	1964	1964	1964	1964	1964	1964	1964	1964	1964	1964	1964
CAMPAIGN_ROW	gams05	17364	252910	6179750712	3259322396	3290984	3259322396	3259322396	3259322396	3259322396	3259322396	3259322396	3259322396	3259322396	3259322396	3259322396	3259322396	3259322396
CAMPAIGN_ROW	sporttournament08	31	156	862	862	154	862	862	862	862	862	862	862	862	862	862	862	862
CAMPAIGN_ROW	powerflow0030p	1121	4194	24944	23642	4378	23642	23642	23642	23642	23642	23642	23642	23642	23642	23642	23642	23642
CAMPAIGN_ROW	popdynm200	22407	105584	2567878	2436690	185112	2436150	2436150	2436150	2436690	2436690	2436345	2436150	2436150	2436150	2436150	2436150	2436150
CAMPAIGN_ROW	mpbp_35	11120	40790	3037207	976558	63274	976558	976558	976558	976558	976558	976558	976558	976558	976558	976558	976558	976558
CAMPAIGN_ROW	syn30m02m	1492	3936	13752	13455	4221	13455	13455	13455	13455	13455	13455	13455	13455	13455	13455	13455	13455
CAMPAIGN_ROW	wastewater13m1	481	3252	60135	60068	3560	60068	60068	60068	60068	60068	60068	60068	60068	60068	60068	60068	60068
CAMPAIGN_ROW	syn40hfsg	1022	2624	8432	8155	2807	8155	8155	8155	8155	8155	8155	8155	8155	8155	8155	8155	8155
CAMPAIGN_ROW	sep1	69	206	1097	1047	249	1047	1047	1047	1047	1047	1047	1047	1047	1047	1047	1047	1047
CAMPAIGN_ROW	syn30m03m	2508	6804	26806	26552	7404	26552	26552	26552	26552	26552	26552	26552	26552	26552	26552	26552	26552
CAMPAIGN_ROW	st_qpc-m3a	30	304	2330	1574	182	1574	1574	1574	1574	1574	1574	1574	1574	1574	1574	1574	1574
CAMPAIGN_ROW	crudeoil_pooling_ct3	2644	11426	1381490	866223	26611	866223	866223	866223	866223	866223	866223	866223	866223	866223	866223	866223	866223
CAMPAIGN_ROW	space25a	634	3246	29078	27875	3349	27875	27875	27875	27875	27875	27875	27875	27875	27875	27875	27875	27875
CAMPAIGN_ROW	autocorr_bern20-15	23	394	2784	2784	220	2784	2784	2784	2784	2784	2784	2784	2784	2784	2784	2784	2784
CAMPAIGN_ROW	ex7_2_1	35	134	352	341	103	341	341	341	341	341	341	341	341	341	341	341	341
CAMPAIGN_ROW	hydroenergy2	2092	6236	69051	56014	8284	56014	56014	56014	56014	56014	56014	56014	56014	56014	56014	56014	56014
CAMPAIGN_ROW	pooling_digabel19	514	5340	325989	274903	8765	274903	274903	274903	274903	274903	274903	274903	274903	274903	274903	274903	274903
CAMPAIGN_ROW	clay0203m	132	420	1348	1348	402	1348	1348	1348	1348	1348	1348	1348	1348	1348	1348	1348	1348
CAMPAIGN_ROW	squfl030-150	13680	36000	252605	252605	41115	252605	252605	252605	252605	252605	252605	252605	252605	252605	252605	252605	252605
CAMPAIGN_BASE score=0.791316868681 order_seconds=0.000000
CAMPAIGN_TOTAL arm=0 chain=[Priority(0, 2)] score=0.791297241672 wins=[0, 2, 2] seconds=0.556917 max=0.037827
CAMPAIGN_TOTAL arm=1 chain=[Priority(1, 2)] score=0.791302931155 wins=[0, 4, 4] seconds=0.576733 max=0.038280
CAMPAIGN_TOTAL arm=2 chain=[Priority(2, 2)] score=0.791297954683 wins=[0, 3, 3] seconds=0.572329 max=0.039216
CAMPAIGN_TOTAL arm=3 chain=[Priority(3, 2)] score=0.791316868681 wins=[0, 0, 0] seconds=0.500665 max=0.019576
CAMPAIGN_TOTAL arm=4 chain=[Priority(4, 2)] score=0.791316868681 wins=[0, 0, 0] seconds=0.497746 max=0.019898
CAMPAIGN_TOTAL arm=5 chain=[Priority(5, 2)] score=0.791308846578 wins=[0, 2, 3] seconds=0.593692 max=0.044382
CAMPAIGN_TOTAL arm=6 chain=[Priority(0, 2), Peo(2)] score=0.791293511678 wins=[0, 3, 3] seconds=0.748502 max=0.043689
CAMPAIGN_TOTAL arm=7 chain=[Priority(1, 2), Peo(2)] score=0.791288675959 wins=[0, 4, 4] seconds=0.768836 max=0.043770
CAMPAIGN_TOTAL arm=8 chain=[Priority(2, 2), Peo(2)] score=0.791294023041 wins=[0, 3, 3] seconds=0.763335 max=0.044418
CAMPAIGN_TOTAL arm=9 chain=[Priority(3, 2), Peo(2)] score=0.791294942563 wins=[0, 3, 3] seconds=0.701250 max=0.030478
CAMPAIGN_TOTAL arm=10 chain=[Priority(4, 2), Peo(2)] score=0.791294942563 wins=[0, 3, 3] seconds=0.697937 max=0.030982
CAMPAIGN_TOTAL arm=11 chain=[Priority(5, 2), Peo(2)] score=0.791302747913 wins=[0, 3, 4] seconds=0.797496 max=0.058925
CAMPAIGN_ORACLE score=0.791288164598 wins=[0, 4, 4]
