INDEXED_PRIORITY_ROW	slay06m	357	1080	1113	0.000037	0.000019
INDEXED_PRIORITY_ROW	sssd25-08	401	1200	1325	0.000039	0.000016
INDEXED_PRIORITY_ROW	rsyn0810m04m	4772	13836	17276	0.000964	0.000312
INDEXED_PRIORITY_ROW	pooling_sppc3pq	23173	893724	1305528	0.128995	0.005821
INDEXED_PRIORITY_ROW	sporttournament48	1131	6676	20480	0.001309	0.000142
INDEXED_PRIORITY_ROW	pooling_sppa9pq	5030	120730	152488	0.011817	0.000718
INDEXED_PRIORITY_ROW	edgecross10-090	1053	5204	5545	0.000253	0.000053
INDEXED_PRIORITY_ROW	maxcsp-ehi-85-297-71	2372	207996	1294981	0.146112	0.009247
INDEXED_PRIORITY_ROW	st_bpaf1a	30	120	120	0.000003	0.000001
INDEXED_PRIORITY_ROW	risk2bpb	1462	5396	6655	0.000320	0.000078
INDEXED_PRIORITY_ROW	qap	255	43748	25541	0.001305	0.000143
INDEXED_PRIORITY_ROW	rsyn0830m04m	7252	20752	25680	0.001436	0.000493
INDEXED_PRIORITY_ROW	lop97icx	1073	2118	3950	0.000186	0.000049
INDEXED_PRIORITY_ROW	chain400	1201	4796	4398	0.000126	0.000050
INDEXED_PRIORITY_ROW	mpbp_07	9532	30810	55603	0.003781	0.000771
INDEXED_PRIORITY_ROW	sonetgr17	440	2958	2807	0.000122	0.000024
INDEXED_PRIORITY_ROW	p_ball_30b_7p_2d_h	2207	7516	7771	0.000339	0.000118
INDEXED_PRIORITY_ROW	pinene200	19995	97990	133427	0.009837	0.001987
INDEXED_PRIORITY_ROW	ex8_3_9	123	834	1019	0.000030	0.000006
INDEXED_PRIORITY_ROW	rsyn0820m02m	2486	6932	8131	0.000394	0.000136
INDEXED_PRIORITY_ROW	p_ball_10b_5p_2d_m	293	964	1135	0.000035	0.000010
INDEXED_PRIORITY_ROW	pooling_adhya4tp	170	936	1459	0.000058	0.000010
INDEXED_PRIORITY_ROW	squfl015-080persp	7295	21600	20600	0.000866	0.000445
INDEXED_PRIORITY_ROW	edgecross10-080	1053	5940	6247	0.000329	0.000059
INDEXED_PRIORITY_ROW	clay0204hfsg	590	1696	1858	0.000060	0.000023
INDEXED_PRIORITY_ROW	st_bsj2	13	40	36	0.000001	0.000000
INDEXED_PRIORITY_ROW	chimera_mgw-c8-439-onc8-002	440	3038	5210	0.000232	0.000030
INDEXED_PRIORITY_ROW	batchs201210m	5188	17910	21409	0.001196	0.000335
INDEXED_PRIORITY_ROW	rsyn0815m04m	5456	15756	20102	0.001126	0.000358
INDEXED_PRIORITY_ROW	syn40m	560	1528	1585	0.000051	0.000021
INDEXED_PRIORITY_ROW	knp5-44	2157	32604	38039	0.002286	0.000272
INDEXED_PRIORITY_ROW	ex1263a	94	390	392	0.000009	0.000003
INDEXED_PRIORITY_ROW	st_e41	8	32	24	0.000001	0.000000
INDEXED_PRIORITY_ROW	squfl025-030	2305	6000	7105	0.000259	0.000112
INDEXED_PRIORITY_ROW	wastewater05m1	98	536	722	0.000023	0.000004
INDEXED_PRIORITY_ROW	cvxnonsep_psig20	20	380	210	0.000002	0.000001
INDEXED_PRIORITY_ROW	meanvar-orl400_05_e_8	4405	171604	91407	0.005379	0.000362
INDEXED_PRIORITY_ROW	st_e31	301	744	983	0.000027	0.000011
INDEXED_PRIORITY_ROW	pooling_sppc1pq	14100	477680	761724	0.074178	0.003297
INDEXED_PRIORITY_ROW	pooling_haverly1pq	31	96	105	0.000002	0.000001
INDEXED_PRIORITY_ROW	graphpart_3g-0244-0244	128	672	1608	0.000053	0.000008
INDEXED_PRIORITY_ROW	graphpart_clique-20	80	1260	1384	0.000045	0.000005
INDEXED_PRIORITY_ROW	mpbp_48	28368	91016	218431	0.018128	0.002677
INDEXED_PRIORITY_ROW	pooling_sppb5pq	18529	674470	857699	0.082931	0.003467
INDEXED_PRIORITY_ROW	slay07m	497	1512	1554	0.000047	0.000018
INDEXED_PRIORITY_ROW	nvs19	24	200	124	0.000003	0.000001
INDEXED_PRIORITY_ROW	oil	3270	8430	9956	0.000537	0.000203
INDEXED_PRIORITY_ROW	squfl015-060	2775	7200	8280	0.000302	0.000134
INDEXED_PRIORITY_ROW	ndcc12persp	1112	5522	10779	0.000610	0.000071
INDEXED_PRIORITY_ROW	kissing2	20772	401024	482006	0.036691	0.002781
INDEXED_PRIORITY_ROW	nuclear25a	1942	16030	28193	0.001899	0.000192
INDEXED_PRIORITY_ROW	clay0204m	222	704	682	0.000017	0.000007
INDEXED_PRIORITY_ROW	st_ph13	23	68	60	0.000001	0.000000
INDEXED_PRIORITY_ROW	edgecross10-030	1053	4654	5536	0.000274	0.000057
INDEXED_PRIORITY_ROW	chain200	601	2396	2198	0.000056	0.000023
INDEXED_PRIORITY_ROW	ex1223b	25	66	64	0.000001	0.000001
INDEXED_PRIORITY_ROW	slay09h	2718	7488	8703	0.000377	0.000153
INDEXED_PRIORITY_ROW	ndcc12	974	5982	12112	0.000730	0.000076
INDEXED_PRIORITY_ROW	kall_circlesrectangles_c6r39	1306	5378	7868	0.000395	0.000072
INDEXED_PRIORITY_ROW	squfl020-150	9170	24000	27360	0.001123	0.000557
INDEXED_PRIORITY_ROW	autocorr_bern40-30	43	1534	810	0.000028	0.000004
INDEXED_PRIORITY_ROW	slay08m	660	2016	2068	0.000066	0.000024
INDEXED_PRIORITY_ROW	chimera_mgw-c16-2031-01	2032	15900	53470	0.003495	0.000312
INDEXED_PRIORITY_ROW	forest	713	2658	2445	0.000106	0.000029
INDEXED_PRIORITY_ROW	qspp_0_10_0_1_10_1	280	29636	16660	0.001024	0.000112
INDEXED_PRIORITY_ROW	st_ph1	16	58	55	0.000001	0.000000
INDEXED_PRIORITY_ROW	elf	124	376	441	0.000011	0.000004
INDEXED_PRIORITY_ROW	ex3_1_3	18	36	37	0.000001	0.000000
INDEXED_PRIORITY_ROW	cvxnonsep_normcon40r	162	322	323	0.000005	0.000005
INDEXED_PRIORITY_ROW	demo7	155	618	620	0.000015	0.000006
INDEXED_PRIORITY_ROW	waternd2	615	2580	4059	0.000205	0.000034
INDEXED_PRIORITY_ROW	prolog	64	292	257	0.000005	0.000002
INDEXED_PRIORITY_ROW	ex14_1_8	11	30	28	0.000000	0.000000
INDEXED_PRIORITY_ROW	st_qpk3	55	548	374	0.000010	0.000002
INDEXED_PRIORITY_ROW	mpbp_34	11556	40860	62446	0.004310	0.000998
INDEXED_PRIORITY_ROW	cvxnonsep_normcon20r	82	162	163	0.000003	0.000002
INDEXED_PRIORITY_ROW	cvxnonsep_psig20r	86	170	171	0.000003	0.000002
INDEXED_PRIORITY_ROW	crudeoil_pooling_dt2	18742	75910	174214	0.013946	0.002087
INDEXED_PRIORITY_ROW	rsyn0805m03m	2868	8270	10111	0.000499	0.000161
INDEXED_PRIORITY_ROW	st_iqpbk1	22	98	71	0.000001	0.000001
INDEXED_PRIORITY_ROW	waterund01	96	404	457	0.000013	0.000003
INDEXED_PRIORITY_ROW	pointpack04	29	120	113	0.000002	0.000001
INDEXED_PRIORITY_ROW	st_e22	12	30	28	0.000000	0.000000
INDEXED_PRIORITY_ROW	faclay30	16678	82242	116585	0.008874	0.001500
INDEXED_PRIORITY_ROW	arki0002	4432	11248	27906	0.001632	0.000349
INDEXED_PRIORITY_ROW	transswitch0300p	11659	48446	51785	0.003292	0.001012
INDEXED_PRIORITY_ROW	crudeoil_pooling_dt3	30660	152210	471330	0.045464	0.004302
INDEXED_PRIORITY_ROW	gasprod_sarawak81	22536	75636	110997	0.007921	0.002305
INDEXED_PRIORITY_ROW	maxcsp-langford-3-11	660	29646	72709	0.005522	0.000599
INDEXED_PRIORITY_ROW	p_ball_30b_5p_2d_h	1543	5224	5370	0.000211	0.000077
INDEXED_PRIORITY_ROW	ringpack_20_3	6709	45220	40969	0.002559	0.000484
INDEXED_PRIORITY_ROW	waste	4825	21504	38413	0.002596	0.000427
INDEXED_PRIORITY_ROW	catmix400	2001	11192	8396	0.000293	0.000101
INDEXED_PRIORITY_ROW	rsyn0815m02hfsg	3054	7968	9904	0.000524	0.000196
INDEXED_PRIORITY_ROW	p_ball_10b_7p_3d_h	1236	4186	4436	0.000183	0.000054
INDEXED_PRIORITY_ROW	chimera_k64ising-02	1225	3846	11742	0.000675	0.000110
INDEXED_PRIORITY_ROW	batchs121208m	3404	11462	13224	0.000682	0.000201
INDEXED_PRIORITY_ROW	nvs02	11	46	36	0.000001	0.000000
INDEXED_PRIORITY_ROW	wastepaper6	191	1416	1511	0.000059	0.000009
INDEXED_PRIORITY_ROW	syn15hfsg	399	1022	1106	0.000036	0.000015
INDEXED_PRIORITY_ROW	st_jcbpaf2	36	246	199	0.000005	0.000001
INDEXED_PRIORITY_ROW	camshape400	2000	7188	5594	0.000191	0.000097
INDEXED_PRIORITY_ROW	graphpart_clique-30	120	2790	3027	0.000125	0.000011
INDEXED_PRIORITY_ROW	graphpart_clique-70	280	14910	15796	0.000934	0.000049
INDEXED_PRIORITY_ROW	smallinvDAXr1b010-011	39	1120	599	0.000019	0.000003
INDEXED_PRIORITY_ROW	nd_netgen-2000-3-4-b-a-ns_7	22074	60000	64374	0.003453	0.001983
INDEXED_PRIORITY_ROW	slay05m	240	720	745	0.000019	0.000007
INDEXED_PRIORITY_ROW	chimera_selby-c16-01	2031	10964	50264	0.003663	0.000285
INDEXED_PRIORITY_ROW	csched1	110	376	323	0.000007	0.000003
INDEXED_PRIORITY_ROW	watercontamination0303r	1310	37028	20194	0.001014	0.000086
INDEXED_PRIORITY_ROW	ex9_2_4	15	36	41	0.000001	0.000000
INDEXED_PRIORITY_ROW	sssd15-04	163	440	497	0.000011	0.000005
INDEXED_PRIORITY_ROW	autocorr_bern35-35fix	38	1264	670	0.000020	0.000002
INDEXED_PRIORITY_ROW	sfacloc2_4_90	1491	4500	5335	0.000226	0.000073
INDEXED_PRIORITY_ROW	meanvar-orl400_05_e_7	5205	174804	95007	0.005435	0.000446
INDEXED_PRIORITY_ROW	glider400	10017	49624	54133	0.003356	0.000975
INDEXED_PRIORITY_ROW	syn40m04m	4960	13792	15219	0.000746	0.000311
INDEXED_PRIORITY_ROW	ex2_1_3	31	72	73	0.000002	0.000001
INDEXED_PRIORITY_ROW	qapw	705	87496	69878	0.005152	0.000318
INDEXED_PRIORITY_ROW	himmel11	14	60	48	0.000001	0.000000
INDEXED_PRIORITY_ROW	syn15m04m	1908	5288	5853	0.000247	0.000092
INDEXED_PRIORITY_ROW	pooling_rt2tp	118	654	708	0.000021	0.000004
INDEXED_PRIORITY_ROW	waterund14	333	2204	3330	0.000164	0.000021
INDEXED_PRIORITY_ROW	crudeoil_lee4_10	17809	120632	690884	0.073308	0.004001
INDEXED_PRIORITY_ROW	pooling_foulds4pq	1294	8302	9768	0.000535	0.000072
INDEXED_PRIORITY_ROW	edgecross14-156	3097	19664	22658	0.001405	0.000255
INDEXED_PRIORITY_ROW	tspn08	72	668	602	0.000017	0.000003
INDEXED_PRIORITY_ROW	crudeoil_li05	4225	14628	25833	0.001736	0.000326
INDEXED_PRIORITY_ROW	procurement1large	14416	41068	108978	0.008320	0.001440
INDEXED_PRIORITY_ROW	blend721	1428	4548	6157	0.000290	0.000069
INDEXED_PRIORITY_ROW	chimera_selby-c16-02	2031	10878	48835	0.003470	0.000285
INDEXED_PRIORITY_ROW	supplychainr1_053050	16640	57800	77190	0.004403	0.001230
INDEXED_PRIORITY_ROW	sfacloc2_4_80	5067	21424	17868	0.000935	0.000299
INDEXED_PRIORITY_ROW	st_e24	10	26	23	0.000000	0.000000
INDEXED_PRIORITY_ROW	edgecross10-040	1053	5116	6034	0.000295	0.000054
INDEXED_PRIORITY_ROW	sonet21v6	8232	40744	40593	0.002527	0.000551
INDEXED_PRIORITY_ROW	squfl010-080	2490	6400	7335	0.000262	0.000116
INDEXED_PRIORITY_ROW	genpooling_lee2	221	1048	1302	0.000047	0.000008
INDEXED_PRIORITY_ROW	popdynm25	2807	13904	22528	0.001358	0.000226
INDEXED_PRIORITY_ROW	chp_partload	5211	16740	28209	0.001948	0.000459
INDEXED_PRIORITY_ROW	qspp_0_14_0_1_10_1	560	120274	67194	0.004600	0.000607
INDEXED_PRIORITY_ROW	st_glmp_ss1	24	66	60	0.000001	0.000001
INDEXED_PRIORITY_ROW	torsion50	2508	29808	42300	0.002982	0.000247
INDEXED_PRIORITY_ROW	st_rv2	40	340	255	0.000006	0.000001
INDEXED_PRIORITY_ROW	emfl100_3_3	6885	15948	18972	0.000858	0.000461
INDEXED_PRIORITY_ROW	pedigree_sim400	351	23546	12124	0.000595	0.000041
INDEXED_PRIORITY_ROW	polygon75	5846	49652	30672	0.001685	0.000409
INDEXED_PRIORITY_ROW	fo9_ar25_1	1049	4336	4747	0.000199	0.000048
INDEXED_PRIORITY_ROW	rsyn0840m	1159	3168	3316	0.000129	0.000052
INDEXED_PRIORITY_ROW	gancns	548	2800	4041	0.000201	0.000030
INDEXED_PRIORITY_ROW	o9_ar4_1	1049	4336	4747	0.000185	0.000044
INDEXED_PRIORITY_ROW	ex1265a	123	560	588	0.000016	0.000004
INDEXED_PRIORITY_ROW	ex9_2_6	28	68	70	0.000001	0.000001
INDEXED_PRIORITY_ROW	qspp_0_13_0_1_10_1	481	88522	49486	0.003266	0.000419
INDEXED_PRIORITY_ROW	slay04m	146	432	450	0.000010	0.000004
INDEXED_PRIORITY_ROW	st_e25	20	92	66	0.000001	0.000000
INDEXED_PRIORITY_ROW	ex8_4_1	32	100	83	0.000001	0.000001
INDEXED_PRIORITY_ROW	st_e07	19	60	59	0.000001	0.000000
INDEXED_PRIORITY_ROW	ex1225	26	66	63	0.000001	0.000001
INDEXED_PRIORITY_ROW	ndcc13	969	5882	12325	0.000731	0.000074
INDEXED_PRIORITY_ROW	syn10m04m	1224	3384	3639	0.000146	0.000055
INDEXED_PRIORITY_ROW	ex5_2_4	18	62	55	0.000001	0.000001
INDEXED_PRIORITY_ROW	st_m2	72	1226	895	0.000031	0.000004
INDEXED_PRIORITY_ROW	st_bpk1	16	44	40	0.000001	0.000000
INDEXED_PRIORITY_ROW	multiplants_stg1	736	3594	6926	0.000367	0.000048
INDEXED_PRIORITY_ROW	powerflow0300p	11251	41918	45391	0.002941	0.000952
INDEXED_PRIORITY_ROW	nd_netgen-3000-1-1-b-b-ns_7	33155	90000	101542	0.005661	0.003035
INDEXED_PRIORITY_ROW	sonet23v4	803	6462	6246	0.000302	0.000049
INDEXED_PRIORITY_ROW	pooling_sppa0pq	1649	24192	31968	0.002174	0.000176
INDEXED_PRIORITY_ROW	multiplants_mtg1b	645	4404	6901	0.000366	0.000043
INDEXED_PRIORITY_ROW	sssd18-08persp	338	1168	1142	0.000032	0.000012
INDEXED_PRIORITY_ROW	ex9_1_2	19	54	57	0.000001	0.000000
INDEXED_PRIORITY_ROW	crudeoil_lee1_07	3670	19322	52939	0.004050	0.000428
INDEXED_PRIORITY_ROW	pooling_haverly1tp	31	96	105	0.000002	0.000001
INDEXED_PRIORITY_ROW	waterund08	230	1290	1770	0.000063	0.000010
INDEXED_PRIORITY_ROW	kall_diffcircles_6	76	302	281	0.000005	0.000002
INDEXED_PRIORITY_ROW	chimera_mgw-c8-439-onc8-001	440	3040	5060	0.000230	0.000032
INDEXED_PRIORITY_ROW	waterund11	160	828	989	0.000032	0.000006
INDEXED_PRIORITY_ROW	chp_shorttermplan2d	16364	52108	81473	0.006227	0.001455
INDEXED_PRIORITY_ROW	sporttournament18	156	886	1328	0.000047	0.000008
INDEXED_PRIORITY_ROW	cvxnonsep_psig30	30	870	465	0.000003	0.000001
INDEXED_PRIORITY_ROW	ringpack_20_2	6089	40368	36329	0.002289	0.000451
INDEXED_PRIORITY_ROW	blend718	1386	4310	5842	0.000259	0.000065
INDEXED_PRIORITY_ROW	wastepaper4	115	724	807	0.000025	0.000005
INDEXED_PRIORITY_ROW	squfl010-040persp	2450	7200	6895	0.000264	0.000124
INDEXED_PRIORITY_ROW	crudeoil_lee4_06	10429	55492	235115	0.022038	0.001664
INDEXED_PRIORITY_ROW	netmod_kar1	1746	4928	6364	0.000308	0.000089
INDEXED_PRIORITY_ROW	ex8_1_7	14	46	40	0.000001	0.000001
INDEXED_PRIORITY_ROW	graphpart_3g-0333-0333	108	648	1594	0.000055	0.000008
INDEXED_PRIORITY_ROW	slay05h	760	2080	2425	0.000084	0.000034
INDEXED_PRIORITY_ROW	korcns	156	712	887	0.000027	0.000006
INDEXED_PRIORITY_ROW	powerflow0118p	5065	18730	20045	0.001165	0.000350
INDEXED_PRIORITY_ROW	sfacloc2_3_80	4799	20600	16813	0.000886	0.000291
INDEXED_PRIORITY_ROW	rsyn0820m04m	6028	17372	21916	0.001229	0.000402
INDEXED_PRIORITY_ROW	hydroenergy1	1046	3024	3435	0.000136	0.000048
INDEXED_PRIORITY_ROW	maxmin	181	1440	925	0.000025	0.000006
INDEXED_PRIORITY_ROW	st_ht	8	18	18	0.000000	0.000000
INDEXED_PRIORITY_ROW	crudeoil_lee2_06	6418	34646	134923	0.011467	0.001077
INDEXED_PRIORITY_ROW	kan_r3_h1_n4	3183	14062	15597	0.000823	0.000239
INDEXED_PRIORITY_ROW	primary	378	5610	3428	0.000164	0.000025
INDEXED_PRIORITY_ROW	syn10m03hfsg	1071	2772	3040	0.000110	0.000046
INDEXED_PRIORITY_ROW	wastewater02m1	36	138	156	0.000003	0.000001
INDEXED_PRIORITY_ROW	supplychainr1_022020	4620	15680	20540	0.001032	0.000298
INDEXED_PRIORITY_ROW	squfl025-025persp	3800	11250	10975	0.000456	0.000217
INDEXED_PRIORITY_ROW	ringpack_30_2	17999	121458	108470	0.007634	0.001607
INDEXED_PRIORITY_ROW	nuclear104	39098	257806	523338	0.048663	0.004522
INDEXED_PRIORITY_ROW	chp_shorttermplan1a	4952	15700	22620	0.001429	0.000345
INDEXED_PRIORITY_ROW	rocket50	555	3488	3185	0.000143	0.000029
INDEXED_PRIORITY_ROW	rsyn0840m04m	8508	24272	29583	0.001746	0.000643
INDEXED_PRIORITY_ROW	mpbp_21	11716	37660	65805	0.004574	0.000992
INDEXED_PRIORITY_ROW	orth_d4m6_pl	172	1096	1019	0.000030	0.000006
INDEXED_PRIORITY_ROW	kall_circlespolygons_c1p5b	1681	7432	11831	0.000668	0.000104
INDEXED_PRIORITY_ROW	ex1223	33	82	86	0.000002	0.000001
INDEXED_PRIORITY_ROW	ex6_1_4	10	48	37	0.000001	0.000000
INDEXED_PRIORITY_ROW	powerflow0014r	403	1630	1783	0.000068	0.000017
INDEXED_PRIORITY_ROW	knp5-43	2065	31132	36336	0.002215	0.000246
INDEXED_PRIORITY_ROW	gabriel09	21688	89702	228634	0.018403	0.002441
INDEXED_PRIORITY_ROW	tln2	32	88	83	0.000002	0.000001
INDEXED_PRIORITY_ROW	prob02	22	76	66	0.000001	0.000001
INDEXED_PRIORITY_ROW	blend146	1422	4460	6042	0.000275	0.000074
INDEXED_PRIORITY_ROW	mpbp_46	4518	14492	24571	0.001507	0.000318
INDEXED_PRIORITY_ROW	tls6	413	2860	2429	0.000100	0.000017
INDEXED_PRIORITY_ROW	emfl100_5_5	21925	52300	62300	0.003192	0.001740
INDEXED_PRIORITY_ROW	qspp_0_11_0_1_10_1	341	44264	24763	0.001608	0.000184
INDEXED_PRIORITY_ROW	p_ball_10b_5p_4d_m	403	1484	1736	0.000058	0.000016
INDEXED_PRIORITY_ROW	st_rv9	90	840	679	0.000020	0.000003
INDEXED_PRIORITY_ROW	rsyn0840m02m	3486	9576	10989	0.000535	0.000213
INDEXED_PRIORITY_ROW	nvs05	22	84	72	0.000001	0.000001
INDEXED_PRIORITY_ROW	autocorr_bern25-19	28	612	334	0.000010	0.000002
INDEXED_PRIORITY_ROW	sssd20-08persp	356	1232	1208	0.000033	0.000013
INDEXED_PRIORITY_ROW	multiplants_stg5	827	3804	7440	0.000399	0.000054
INDEXED_PRIORITY_ROW	chimera_rfr-02	2032	15140	51728	0.003623	0.000305
INDEXED_PRIORITY_ROW	multiplants_stg1a	726	3510	6211	0.000311	0.000041
INDEXED_PRIORITY_ROW	pooling_adhya4pq	170	932	1362	0.000047	0.000007
INDEXED_PRIORITY_ROW	nuclear10a	17493	163816	365783	0.033514	0.002332
INDEXED_PRIORITY_ROW	sonet24v5	874	7260	7010	0.000355	0.000057
INDEXED_PRIORITY_ROW	chp_shorttermplan2a	8992	26288	38347	0.002617	0.000663
INDEXED_PRIORITY_ROW	catmix200	1001	5592	4196	0.000131	0.000043
INDEXED_PRIORITY_ROW	nvs23	27	252	153	0.000003	0.000001
INDEXED_PRIORITY_ROW	oaer	20	40	45	0.000001	0.000000
INDEXED_PRIORITY_ROW	hybriddynamic_fixed	168	388	421	0.000012	0.000005
INDEXED_PRIORITY_ROW	edgecross24-115	16747	77352	160407	0.014023	0.001829
INDEXED_PRIORITY_ROW	space25	1178	4334	4186	0.000152	0.000055
INDEXED_PRIORITY_ROW	methanol400	23999	151728	186271	0.013313	0.002485
INDEXED_PRIORITY_ROW	pooling_foulds5tp	1218	8364	9811	0.000526	0.000066
INDEXED_PRIORITY_ROW	pooling_sppa9tp	5040	121302	158869	0.012198	0.000709
INDEXED_PRIORITY_ROW	st_miqp2	10	18	19	0.000000	0.000000
INDEXED_PRIORITY_ROW	autocorr_bern30-23	33	878	472	0.000014	0.000003
INDEXED_PRIORITY_ROW	mpbp_15	9858	31692	56119	0.003852	0.000843
INDEXED_PRIORITY_ROW	cvxnonsep_psig30r	126	250	251	0.000005	0.000004
INDEXED_PRIORITY_ROW	rsyn0830hfsg	1590	4100	4687	0.000192	0.000081
INDEXED_PRIORITY_ROW	crudeoil_pooling_ct1	1271	4642	7323	0.000406	0.000072
INDEXED_PRIORITY_ROW	multiplants_stg1c	800	3894	6946	0.000360	0.000049
INDEXED_PRIORITY_ROW	st_pan1	11	32	30	0.000001	0.000000
INDEXED_PRIORITY_ROW	multiplants_stg1b	814	3992	7725	0.000434	0.000050
INDEXED_PRIORITY_ROW	methanol200	11999	76128	92103	0.006337	0.001227
INDEXED_PRIORITY_ROW	faclay35	26778	132380	204090	0.017285	0.002632
INDEXED_PRIORITY_ROW	emfl050_5_5	13175	32300	38550	0.001906	0.000963
INDEXED_PRIORITY_ROW	chimera_lga-01	1120	6400	15989	0.000923	0.000103
INDEXED_PRIORITY_ROW	gasprod_sarawak16	4596	15316	22604	0.001342	0.000369
INDEXED_PRIORITY_ROW	crudeoil_lee4_09	15904	101792	559733	0.054787	0.003576
INDEXED_PRIORITY_ROW	arki0013	44909	160172	695571	0.069950	0.007066
INDEXED_PRIORITY_ROW	st_m1	42	432	313	0.000008	0.000002
INDEXED_PRIORITY_ROW	mpbp_47	5310	17098	30546	0.001900	0.000385
INDEXED_PRIORITY_ROW	rsyn0815m	821	2242	2365	0.000085	0.000034
INDEXED_PRIORITY_ROW	arki0016	7993	37208	47535	0.003432	0.000692
INDEXED_PRIORITY_ROW	st_glmp_ss2	18	48	45	0.000001	0.000001
INDEXED_PRIORITY_ROW	rsyn0810m02hfsg	2670	6964	8593	0.000405	0.000156
INDEXED_PRIORITY_ROW	pointpack06	55	276	241	0.000005	0.000002
INDEXED_PRIORITY_ROW	syn40m04hfsg	6328	16896	18919	0.000921	0.000432
INDEXED_PRIORITY_ROW	clay0304m	258	840	798	0.000021	0.000008
INDEXED_PRIORITY_ROW	pooling_foulds5pq	1218	8300	9583	0.000538	0.000080
INDEXED_PRIORITY_ROW	clay0305hfsg	1000	2910	3160	0.000121	0.000043
INDEXED_PRIORITY_ROW	st_test8	64	232	316	0.000008	0.000002
INDEXED_PRIORITY_ROW	sporttournament08	31	156	154	0.000005	0.000001
INDEXED_PRIORITY_ROW	powerflow0030p	1121	4194	4378	0.000191	0.000057
INDEXED_PRIORITY_ROW	popdynm200	22407	105584	185112	0.013300	0.002414
INDEXED_PRIORITY_ROW	mpbp_35	11120	40790	63274	0.004326	0.000878
INDEXED_PRIORITY_ROW	syn30m02m	1492	3936	4221	0.000162	0.000069
INDEXED_PRIORITY_ROW	wastewater13m1	481	3252	3560	0.000160	0.000025
INDEXED_PRIORITY_ROW	syn40hfsg	1022	2624	2807	0.000113	0.000047
INDEXED_PRIORITY_ROW	sep1	69	206	249	0.000005	0.000002
INDEXED_PRIORITY_ROW	syn30m03m	2508	6804	7404	0.000310	0.000127
INDEXED_PRIORITY_ROW	st_qpc-m3a	30	304	182	0.000004	0.000001
INDEXED_PRIORITY_ROW	crudeoil_pooling_ct3	2644	11426	26611	0.001797	0.000227
INDEXED_PRIORITY_ROW	space25a	634	3246	3349	0.000155	0.000028
INDEXED_PRIORITY_ROW	autocorr_bern20-15	23	394	220	0.000006	0.000001
INDEXED_PRIORITY_ROW	ex7_2_1	35	134	103	0.000002	0.000001
INDEXED_PRIORITY_ROW	hydroenergy2	2092	6236	8284	0.000382	0.000110
INDEXED_PRIORITY_ROW	pooling_digabel19	514	5340	8765	0.000500	0.000044
INDEXED_PRIORITY_ROW	clay0203m	132	420	402	0.000009	0.000004
INDEXED_PRIORITY_ROW	squfl030-150	13680	36000	41115	0.001729	0.000865
INDEXED_PRIORITY_TOTAL cases=292 old=1.211223 new=0.125913 oldmax=0.146112 newmax=0.009247
