tag	matrix	n	input_nnz	amd_flops	full_flops	seconds
FUNDED_ROW	slay06m	357	1080	4025	4025	0.258786
FUNDED_ROW	sssd25-08	401	1200	5389	5389	0.236344
FUNDED_ROW	rsyn0810m04m	4772	13836	147553	113250	0.468710
FUNDED_ROW	pooling_sppc3pq	23173	893724	1153877333	325595394	0.569434
FUNDED_ROW	sporttournament48	1131	6676	919582	594138	0.461477
FUNDED_ROW	pooling_sppa9pq	5030	120730	23971280	15130622	0.298878
FUNDED_ROW	edgecross10-090	1053	5204	126115	103179	0.259811
FUNDED_ROW	maxcsp-ehi-85-297-71	2372	207996	1381768944	1110971341	0.198393
FUNDED_ROW	st_bpaf1a	30	120	623	580	0.186347
FUNDED_ROW	risk2bpb	1462	5396	118471	66041	0.419693
FUNDED_ROW	qap	255	43748	3802533	3650113	0.131786
FUNDED_ROW	rsyn0830m04m	7252	20752	212130	171656	0.446845
FUNDED_ROW	lop97icx	1073	2118	79286	64044	0.249069
FUNDED_ROW	chain400	1201	4796	16382	16382	0.205791
FUNDED_ROW	mpbp_07	9532	30810	1368477	1248947	0.605124
FUNDED_ROW	sonetgr17	440	2958	37814	30971	0.308000
FUNDED_ROW	p_ball_30b_7p_2d_h	2207	7516	42456	42319	0.365554
FUNDED_ROW	pinene200	19995	97990	1358716	1134463	0.478659
FUNDED_ROW	unitcommit_200_100_1_mod_8	146830	476332	3053940	2981835	0.308972
FUNDED_ROW	ex8_3_9	123	834	15050	11503	0.287295
FUNDED_ROW	rsyn0820m02m	2486	6932	38190	35631	0.424452
FUNDED_ROW	p_ball_10b_5p_2d_m	293	964	6648	6547	0.280077
FUNDED_ROW	pooling_adhya4tp	170	936	26842	20581	0.221252
FUNDED_ROW	squfl015-080persp	7295	21600	74520	74520	0.242677
FUNDED_ROW	edgecross10-080	1053	5940	170814	164639	0.267943
FUNDED_ROW	clay0204hfsg	590	1696	7198	6562	0.269712
FUNDED_ROW	st_bsj2	13	40	143	114	0.146013
FUNDED_ROW	chimera_mgw-c8-439-onc8-002	440	3038	97870	86464	0.383051
FUNDED_ROW	batchs201210m	5188	17910	349298	303381	0.524095
FUNDED_ROW	rsyn0815m04m	5456	15756	184352	143458	0.516414
FUNDED_ROW	syn40m	560	1528	5007	4829	0.274114
FUNDED_ROW	knp5-44	2157	32604	3764003	3764003	0.222184
FUNDED_ROW	ex1263a	94	390	2098	2098	0.234732
FUNDED_ROW	st_e41	8	32	88	88	0.000002
FUNDED_ROW	squfl025-030	2305	6000	42305	42305	0.283696
FUNDED_ROW	wastewater05m1	98	536	11690	8036	0.258429
FUNDED_ROW	cvxnonsep_psig20	20	380	2870	2870	0.000003
FUNDED_ROW	meanvar-orl400_05_e_8	4405	171604	21923414	21922611	0.192135
FUNDED_ROW	st_e31	301	744	4534	4257	0.262202
FUNDED_ROW	pooling_sppc1pq	14100	477680	812210652	131443992	0.394486
FUNDED_ROW	pooling_haverly1pq	31	96	412	403	0.190408
FUNDED_ROW	graphpart_3g-0244-0244	128	672	33446	32534	0.232201
FUNDED_ROW	graphpart_clique-20	80	1260	34885	27856	0.225688
FUNDED_ROW	mpbp_48	28368	91016	33835023	16124058	0.618393
FUNDED_ROW	pooling_sppb5pq	18529	674470	523815053	213571545	0.473992
FUNDED_ROW	slay07m	497	1512	5740	5740	0.267273
FUNDED_ROW	nvs19	24	200	1353	884	0.000003
FUNDED_ROW	oil	3270	8430	36313	34760	0.398551
FUNDED_ROW	squfl015-060	2775	7200	36400	36400	0.306873
FUNDED_ROW	ndcc12persp	1112	5522	299115	284793	0.358298
FUNDED_ROW	kissing2	20772	401024	156414018	156414018	0.337360
FUNDED_ROW	nuclear25a	1942	16030	1977163	1136191	0.433479
FUNDED_ROW	clay0204m	222	704	2330	2330	0.260697
FUNDED_ROW	st_ph13	23	68	207	178	0.122084
FUNDED_ROW	edgecross10-030	1053	4654	135854	100080	0.345209
FUNDED_ROW	chain200	601	2396	8182	8182	0.239877
FUNDED_ROW	ex1223b	25	66	178	178	0.145915
FUNDED_ROW	slay09h	2718	7488	36057	32385	0.376172
FUNDED_ROW	ndcc12	974	5982	345696	329556	0.444082
FUNDED_ROW	kall_circlesrectangles_c6r39	1306	5378	75744	74610	0.363013
FUNDED_ROW	squfl020-150	9170	24000	135020	135020	0.413292
FUNDED_ROW	autocorr_bern40-30	43	1534	20034	20034	0.000013
FUNDED_ROW	slay08m	660	2016	7796	7796	0.274244
FUNDED_ROW	chimera_mgw-c16-2031-01	2032	15900	3328073	2560646	0.463910
FUNDED_ROW	forest	713	2658	10614	10543	0.360938
FUNDED_ROW	qspp_0_10_0_1_10_1	280	29636	1942907	1932414	0.153637
FUNDED_ROW	st_ph1	16	58	274	233	0.158605
FUNDED_ROW	elf	124	376	2733	2173	0.240980
FUNDED_ROW	ex3_1_3	18	36	90	83	0.128864
FUNDED_ROW	cvxnonsep_normcon40r	162	322	645	645	0.000003
FUNDED_ROW	demo7	155	618	3579	3426	0.280921
FUNDED_ROW	waternd2	615	2580	155674	74817	0.335333
FUNDED_ROW	prolog	64	292	1245	1225	0.242305
FUNDED_ROW	ex14_1_8	11	30	80	80	0.104853
FUNDED_ROW	faclay75	272878	1379706	3204527350	3013800414	0.434272
FUNDED_ROW	st_qpk3	55	548	5467	3762	0.154846
FUNDED_ROW	mpbp_34	11556	40860	3093917	891278	0.453276
FUNDED_ROW	cvxnonsep_normcon20r	82	162	325	325	0.000003
FUNDED_ROW	cvxnonsep_psig20r	86	170	341	341	0.000001
FUNDED_ROW	crudeoil_pooling_dt2	18742	75910	14985540	9947927	0.474815
FUNDED_ROW	rsyn0805m03m	2868	8270	60979	54853	0.553436
FUNDED_ROW	st_iqpbk1	22	98	295	295	0.000003
FUNDED_ROW	waterund01	96	404	4546	3317	0.291411
FUNDED_ROW	pointpack04	29	120	577	577	0.174701
FUNDED_ROW	st_e22	12	30	77	70	0.100020
FUNDED_ROW	faclay30	16678	82242	13452923	12850431	0.344617
FUNDED_ROW	arki0002	4432	11248	683476	667374	0.372160
FUNDED_ROW	transswitch0300p	11659	48446	404940	374416	0.611726
FUNDED_ROW	crudeoil_pooling_dt3	30660	152210	48975085	33883039	0.600846
FUNDED_ROW	gasprod_sarawak81	22536	75636	1030380	941231	0.496213
FUNDED_ROW	maxcsp-langford-3-11	660	29646	33444033	10360919	0.334153
FUNDED_ROW	p_ball_30b_5p_2d_h	1543	5224	25843	25742	0.280464
FUNDED_ROW	ringpack_20_3	6709	45220	2415136	865627	0.367087
FUNDED_ROW	waste	4825	21504	1468261	1270649	0.509360
FUNDED_ROW	catmix400	2001	11192	36373	36364	0.217163
FUNDED_ROW	rsyn0815m02hfsg	3054	7968	44604	41384	0.413050
FUNDED_ROW	p_ball_10b_7p_3d_h	1236	4186	24380	23744	0.286551
FUNDED_ROW	chimera_k64ising-02	1225	3846	613390	371142	0.512528
FUNDED_ROW	batchs121208m	3404	11462	138030	128816	0.451556
FUNDED_ROW	nvs02	11	46	142	142	0.142324
FUNDED_ROW	wastepaper6	191	1416	16611	16611	0.273074
FUNDED_ROW	syn15hfsg	399	1022	3300	3272	0.244034
FUNDED_ROW	st_jcbpaf2	36	246	1635	1543	0.178697
FUNDED_ROW	camshape400	2000	7188	16768	16768	0.000042
FUNDED_ROW	graphpart_clique-30	120	2790	114505	91153	0.240997
FUNDED_ROW	graphpart_clique-70	280	14910	1413012	1144894	0.191573
FUNDED_ROW	smallinvDAXr1b010-011	39	1120	13510	13319	0.000007
FUNDED_ROW	nd_netgen-2000-3-4-b-a-ns_7	22074	60000	289420	273394	0.292613
FUNDED_ROW	slay05m	240	720	2635	2635	0.258850
FUNDED_ROW	chimera_selby-c16-01	2031	10964	3605628	2419538	0.548022
FUNDED_ROW	csched1	110	376	975	975	0.244236
FUNDED_ROW	watercontamination0303r	1310	37028	2171882	2171882	0.128732
FUNDED_ROW	ex9_2_4	15	36	117	117	0.110503
FUNDED_ROW	sssd15-04	163	440	1625	1625	0.188654
FUNDED_ROW	autocorr_bern35-35fix	38	1264	16214	16214	0.000006
FUNDED_ROW	sfacloc2_4_90	1491	4500	31682	28843	0.326566
FUNDED_ROW	cont6-qq	120395	557994	835894090	581918900	0.209826
FUNDED_ROW	meanvar-orl400_05_e_7	5205	174804	21939414	21935811	0.182170
FUNDED_ROW	glider400	10017	49624	373018	327461	0.324875
FUNDED_ROW	syn40m04m	4960	13792	65982	63265	0.466575
FUNDED_ROW	ex2_1_3	31	72	189	189	0.150079
FUNDED_ROW	qapw	705	87496	12183146	12183146	0.432811
FUNDED_ROW	himmel11	14	60	198	198	0.143399
FUNDED_ROW	syn15m04m	1908	5288	26094	25061	0.312971
FUNDED_ROW	pooling_rt2tp	118	654	5876	5796	0.254605
FUNDED_ROW	waterund14	333	2204	200484	72184	0.291251
FUNDED_ROW	crudeoil_lee4_10	17809	120632	294531623	176348241	0.750322
FUNDED_ROW	pooling_foulds4pq	1294	8302	138692	138540	0.386566
FUNDED_ROW	edgecross14-156	3097	19664	1487933	1376964	0.297191
FUNDED_ROW	tspn08	72	668	11074	7600	0.217323
FUNDED_ROW	crudeoil_li05	4225	14628	680022	533531	0.467101
FUNDED_ROW	procurement1large	14416	41068	13858240	7372274	0.494209
FUNDED_ROW	blend721	1428	4548	77560	66143	0.305227
FUNDED_ROW	chimera_selby-c16-02	2031	10878	4280329	2298651	0.551830
FUNDED_ROW	supplychainr1_053050	16640	57800	2173490	2173490	0.356411
FUNDED_ROW	sfacloc2_4_80	5067	21424	93048	88884	0.561970
FUNDED_ROW	st_e24	10	26	64	57	0.000002
FUNDED_ROW	edgecross10-040	1053	5116	161851	143518	0.283925
FUNDED_ROW	sonet21v6	8232	40744	1643311	1585871	0.368588
FUNDED_ROW	squfl010-080	2490	6400	27665	27665	0.283534
FUNDED_ROW	genpooling_lee2	221	1048	19895	14028	0.253116
FUNDED_ROW	popdynm25	2807	13904	360081	286812	0.491863
FUNDED_ROW	chp_partload	5211	16740	509170	373134	0.614728
FUNDED_ROW	qspp_0_14_0_1_10_1	560	120274	16119226	16038266	0.208955
FUNDED_ROW	st_glmp_ss1	24	66	160	160	0.127991
FUNDED_ROW	torsion50	2508	29808	1691033	1119054	0.380075
FUNDED_ROW	st_rv2	40	340	2045	2045	0.202772
FUNDED_ROW	emfl100_3_3	6885	15948	55506	55506	0.224706
FUNDED_ROW	pedigree_sim400	351	23546	1183471	1183168	0.000091
FUNDED_ROW	polygon75	5846	49652	1171822	1171822	0.000211
FUNDED_ROW	gabriel10	244056	1148210	1365442310	1267760679	0.416573
FUNDED_ROW	fo9_ar25_1	1049	4336	41668	38237	0.268748
FUNDED_ROW	rsyn0840m	1159	3168	11274	10602	0.293605
FUNDED_ROW	gancns	548	2800	69234	58861	0.367720
FUNDED_ROW	o9_ar4_1	1049	4336	41668	38237	0.264846
FUNDED_ROW	ex1265a	123	560	3948	3750	0.298918
FUNDED_ROW	ex9_2_6	28	68	190	190	0.143747
FUNDED_ROW	qspp_0_13_0_1_10_1	481	88522	10150185	10097446	0.169753
FUNDED_ROW	slay04m	146	432	1554	1554	0.215659
FUNDED_ROW	st_e25	20	92	336	262	0.000002
FUNDED_ROW	ex8_4_1	32	100	225	225	0.205572
FUNDED_ROW	st_e07	19	60	199	199	0.181888
FUNDED_ROW	ex1225	26	66	171	161	0.141235
FUNDED_ROW	ndcc13	969	5882	525212	324727	0.441295
FUNDED_ROW	syn10m04m	1224	3384	13501	13473	0.258764
FUNDED_ROW	ex5_2_4	18	62	204	193	0.171458
FUNDED_ROW	st_m2	72	1226	16331	16331	0.209109
FUNDED_ROW	st_bpk1	16	44	115	108	0.124773
FUNDED_ROW	multiplants_stg1	736	3594	197998	155496	0.457024
FUNDED_ROW	powerflow0300p	11251	41918	304705	292256	0.577877
FUNDED_ROW	nd_netgen-3000-1-1-b-b-ns_7	33155	90000	922197	885186	0.393300
FUNDED_ROW	sonet23v4	803	6462	139703	94348	0.432326
FUNDED_ROW	pooling_sppa0pq	1649	24192	3745896	1214182	0.345464
FUNDED_ROW	multiplants_mtg1b	645	4404	229415	152043	0.457358
FUNDED_ROW	sssd18-08persp	338	1168	4654	4654	0.280760
FUNDED_ROW	ex9_1_2	19	54	188	179	0.138524
FUNDED_ROW	crudeoil_lee1_07	3670	19322	4746188	3506452	0.605134
FUNDED_ROW	pooling_haverly1tp	31	96	423	403	0.188644
FUNDED_ROW	waterund08	230	1290	35284	30110	0.233192
FUNDED_ROW	kall_diffcircles_6	76	302	1511	1511	0.190350
FUNDED_ROW	chimera_mgw-c8-439-onc8-001	440	3040	106479	80090	0.391808
FUNDED_ROW	waterund11	160	828	14818	10705	0.275337
FUNDED_ROW	chp_shorttermplan2d	16364	52108	4089003	1997381	0.539331
FUNDED_ROW	sporttournament18	156	886	17568	13608	0.322899
FUNDED_ROW	cvxnonsep_psig30	30	870	9455	9455	0.000007
FUNDED_ROW	ringpack_20_2	6089	40368	1872174	707413	0.346395
FUNDED_ROW	blend718	1386	4310	70355	61466	0.313405
FUNDED_ROW	wastepaper4	115	724	9711	7183	0.289366
FUNDED_ROW	squfl010-040persp	2450	7200	22825	22825	0.280990
FUNDED_ROW	crudeoil_lee4_06	10429	55492	65337120	32474991	0.731047
FUNDED_ROW	netmod_kar1	1746	4928	56838	43864	0.440056
FUNDED_ROW	ex8_1_7	14	46	137	128	0.145994
FUNDED_ROW	graphpart_3g-0333-0333	108	648	44928	36228	0.207113
FUNDED_ROW	slay05h	760	2080	9815	8795	0.291098
FUNDED_ROW	korcns	156	712	7241	6599	0.309207
FUNDED_ROW	powerflow0118p	5065	18730	121503	117327	0.540172
FUNDED_ROW	sfacloc2_3_80	4799	20600	84672	81119	0.584021
FUNDED_ROW	rsyn0820m04m	6028	17372	196890	152980	0.442124
FUNDED_ROW	hydroenergy1	1046	3024	14089	14089	0.241578
FUNDED_ROW	maxmin	181	1440	8405	8405	0.207055
FUNDED_ROW	st_ht	8	18	51	44	0.105352
FUNDED_ROW	crudeoil_lee2_06	6418	34646	23299675	16066186	0.681012
FUNDED_ROW	kan_r3_h1_n4	3183	14062	104945	98715	0.383719
FUNDED_ROW	primary	378	5610	109639	95258	0.267504
FUNDED_ROW	syn10m03hfsg	1071	2772	9890	9812	0.262633
FUNDED_ROW	wastewater02m1	36	138	848	790	0.211687
FUNDED_ROW	supplychainr1_022020	4620	15680	273140	273100	0.337963
FUNDED_ROW	squfl025-025persp	3800	11250	49925	49925	0.218451
FUNDED_ROW	ringpack_30_2	17999	121458	12394600	2873684	0.615129
FUNDED_ROW	nuclear104	39098	257806	103156931	78321564	0.797872
FUNDED_ROW	chp_shorttermplan1a	4952	15700	376486	299825	0.498156
FUNDED_ROW	rocket50	555	3488	19983	19265	0.394931
FUNDED_ROW	rsyn0840m04m	8508	24272	229914	185120	0.573838
FUNDED_ROW	mpbp_21	11716	37660	1691114	1456963	0.542030
FUNDED_ROW	orth_d4m6_pl	172	1096	10938	10703	0.234316
FUNDED_ROW	kall_circlespolygons_c1p5b	1681	7432	201759	193841	0.375911
FUNDED_ROW	acopf_case9241pegase_qcqp	313068	1292408	34647355	33736789	0.349366
FUNDED_ROW	ex1223	33	82	244	244	0.163414
FUNDED_ROW	ex6_1_4	10	48	197	153	0.152038
FUNDED_ROW	powerflow0014r	403	1630	10761	10361	0.297643
FUNDED_ROW	knp5-43	2065	31132	3517788	3517788	0.217331
FUNDED_ROW	gabriel09	21688	89702	29373994	26366112	0.532102
FUNDED_ROW	tln2	32	88	233	233	0.152229
FUNDED_ROW	prob02	22	76	267	232	0.175298
FUNDED_ROW	blend146	1422	4460	78102	64296	0.317976
FUNDED_ROW	mpbp_46	4518	14492	499547	447603	0.415951
FUNDED_ROW	tls6	413	2860	18483	17511	0.335892
FUNDED_ROW	emfl100_5_5	21925	52300	221650	221650	0.316298
FUNDED_ROW	qspp_0_11_0_1_10_1	341	44264	3563707	3531915	0.143396
FUNDED_ROW	p_ball_10b_5p_4d_m	403	1484	13581	13288	0.274871
FUNDED_ROW	st_rv9	90	840	6691	6321	0.245555
FUNDED_ROW	rsyn0840m02m	3486	9576	47529	44981	0.388147
FUNDED_ROW	nvs05	22	84	277	266	0.177370
FUNDED_ROW	autocorr_bern25-19	28	612	5278	5278	0.000005
FUNDED_ROW	sssd20-08persp	356	1232	4960	4960	0.286909
FUNDED_ROW	multiplants_stg5	827	3804	377794	155722	0.466198
FUNDED_ROW	chimera_rfr-02	2032	15140	3860441	2487302	0.516317
FUNDED_ROW	multiplants_stg1a	726	3510	142058	121443	0.456713
FUNDED_ROW	pooling_adhya4pq	170	932	24314	16556	0.242955
FUNDED_ROW	nuclear10a	17493	163816	82406325	55749125	0.599105
FUNDED_ROW	sonet24v5	874	7260	185654	110276	0.448371
FUNDED_ROW	transswitch2736spr	69651	331010	7933133	7281507	0.284504
FUNDED_ROW	chp_shorttermplan2a	8992	26288	821014	575282	0.435795
FUNDED_ROW	catmix200	1001	5592	18173	18164	0.246874
FUNDED_ROW	nvs23	27	252	1921	1221	0.000004
FUNDED_ROW	oaer	20	40	107	107	0.126693
FUNDED_ROW	hybriddynamic_fixed	168	388	1103	1103	0.193606
FUNDED_ROW	edgecross24-115	16747	77352	35096942	27626301	0.444606
FUNDED_ROW	space25	1178	4334	23567	22528	0.274297
FUNDED_ROW	methanol400	23999	151728	2586036	1864047	0.410924
FUNDED_ROW	pooling_foulds5tp	1218	8364	251833	171941	0.425115
FUNDED_ROW	pooling_sppa9tp	5040	121302	104609262	16877457	0.474757
FUNDED_ROW	st_miqp2	10	18	37	37	0.000002
FUNDED_ROW	autocorr_bern30-23	33	878	8940	8940	0.000007
FUNDED_ROW	mpbp_15	9858	31692	1496502	1167920	0.600260
FUNDED_ROW	cvxnonsep_psig30r	126	250	501	501	0.000004
FUNDED_ROW	rsyn0830hfsg	1590	4100	16168	15383	0.355126
FUNDED_ROW	crudeoil_pooling_ct1	1271	4642	125127	93863	0.451361
FUNDED_ROW	multiplants_stg1c	800	3894	150039	143020	0.457253
FUNDED_ROW	st_pan1	11	32	123	94	0.111759
FUNDED_ROW	multiplants_stg1b	814	3992	308612	187593	0.496695
FUNDED_ROW	methanol200	11999	76128	1290836	905945	0.488196
FUNDED_ROW	faclay35	26778	132380	33630126	32021838	0.461610
FUNDED_ROW	emfl050_5_5	13175	32300	155400	155400	0.213265
FUNDED_ROW	transswitch2383wpr	59853	277562	3946309	3861509	0.378695
FUNDED_ROW	chimera_lga-01	1120	6400	668019	497101	0.418458
FUNDED_ROW	gasprod_sarawak16	4596	15316	213850	196064	0.539409
FUNDED_ROW	crudeoil_lee4_09	15904	101792	208785578	129101152	0.738345
FUNDED_ROW	arki0013	44909	160172	390472987	150283404	0.744468
FUNDED_ROW	st_m1	42	432	3097	3097	0.170345
FUNDED_ROW	mpbp_47	5310	17098	730624	652248	0.547167
FUNDED_ROW	rsyn0815m	821	2242	8260	7745	0.375503
FUNDED_ROW	arki0016	7993	37208	878890	835794	0.755445
FUNDED_ROW	st_glmp_ss2	18	48	121	121	0.128046
FUNDED_ROW	rsyn0810m02hfsg	2670	6964	36862	34753	0.494454
FUNDED_ROW	pointpack06	55	276	1497	1497	0.177567
FUNDED_ROW	syn40m04hfsg	6328	16896	76232	73685	0.301085
FUNDED_ROW	clay0304m	258	840	2742	2742	0.257937
FUNDED_ROW	pooling_foulds5pq	1218	8300	159641	159641	0.340280
FUNDED_ROW	clay0305hfsg	1000	2910	12260	11240	0.360609
FUNDED_ROW	st_test8	64	232	2343	1964	0.240149
FUNDED_ROW	gams05	17364	252910	6179750712	3259322396	0.673015
FUNDED_ROW	sporttournament08	31	156	862	862	0.195619
FUNDED_ROW	powerflow0030p	1121	4194	24944	23642	0.324082
FUNDED_ROW	popdynm200	22407	105584	2567878	2436150	0.607353
FUNDED_ROW	mpbp_35	11120	40790	3037207	975441	0.565436
FUNDED_ROW	syn30m02m	1492	3936	13752	13455	0.348391
FUNDED_ROW	wastewater13m1	481	3252	60135	60068	0.296248
FUNDED_ROW	syn40hfsg	1022	2624	8432	8155	0.280954
FUNDED_ROW	sep1	69	206	1097	1047	0.173591
FUNDED_ROW	syn30m03m	2508	6804	26806	26552	0.377622
FUNDED_ROW	st_qpc-m3a	30	304	2330	1574	0.000004
FUNDED_ROW	crudeoil_pooling_ct3	2644	11426	1381490	866197	0.570189
FUNDED_ROW	space25a	634	3246	29078	27875	0.362702
FUNDED_ROW	autocorr_bern20-15	23	394	2784	2784	0.000005
FUNDED_ROW	ex7_2_1	35	134	352	341	0.201909
FUNDED_ROW	hydroenergy2	2092	6236	69051	56014	0.509678
FUNDED_ROW	pooling_digabel19	514	5340	325989	274903	0.323444
FUNDED_ROW	clay0203m	132	420	1348	1348	0.261334
FUNDED_ROW	squfl030-150	13680	36000	252605	252605	0.288032
