tag	matrix	n	input_nnz	amd_flops	control_flops	extended_flops	seconds
BATCH_RUNTIME_ROW	slay06m	357	1080	4025	4025	4025	0.265132
BATCH_RUNTIME_ROW	sssd25-08	401	1200	5389	5389	5389	0.242646
BATCH_RUNTIME_ROW	rsyn0810m04m	4772	13836	147553	113458	113250	0.468061
BATCH_RUNTIME_ROW	pooling_sppc3pq	23173	893724	1153877333	325595394	325595394	0.562150
BATCH_RUNTIME_ROW	sporttournament48	1131	6676	919582	594138	594138	0.462423
BATCH_RUNTIME_ROW	pooling_sppa9pq	5030	120730	23971280	15130622	15130622	0.303005
BATCH_RUNTIME_ROW	edgecross10-090	1053	5204	126115	103179	103179	0.262493
BATCH_RUNTIME_ROW	maxcsp-ehi-85-297-71	2372	207996	1381768944	1110971341	1110971341	0.198676
BATCH_RUNTIME_ROW	st_bpaf1a	30	120	623	580	580	0.188648
BATCH_RUNTIME_ROW	risk2bpb	1462	5396	118471	66041	66041	0.430585
BATCH_RUNTIME_ROW	qap	255	43748	3802533	3650113	3650113	0.132884
BATCH_RUNTIME_ROW	rsyn0830m04m	7252	20752	212130	171680	171656	0.452137
BATCH_RUNTIME_ROW	lop97icx	1073	2118	79286	64044	64044	0.256291
BATCH_RUNTIME_ROW	chain400	1201	4796	16382	16382	16382	0.208529
BATCH_RUNTIME_ROW	mpbp_07	9532	30810	1368477	1248947	1248947	0.618703
BATCH_RUNTIME_ROW	sonetgr17	440	2958	37814	30971	30971	0.310284
BATCH_RUNTIME_ROW	p_ball_30b_7p_2d_h	2207	7516	42456	42319	42319	0.368945
BATCH_RUNTIME_ROW	pinene200	19995	97990	1358716	1134463	1134463	0.506215
BATCH_RUNTIME_ROW	unitcommit_200_100_1_mod_8	146830	476332	3053940	2981835	2981835	0.307101
BATCH_RUNTIME_ROW	ex8_3_9	123	834	15050	11503	11503	0.293009
BATCH_RUNTIME_ROW	rsyn0820m02m	2486	6932	38190	35631	35631	0.428817
BATCH_RUNTIME_ROW	p_ball_10b_5p_2d_m	293	964	6648	6547	6547	0.286809
BATCH_RUNTIME_ROW	pooling_adhya4tp	170	936	26842	20581	20581	0.226025
BATCH_RUNTIME_ROW	squfl015-080persp	7295	21600	74520	74520	74520	0.245374
BATCH_RUNTIME_ROW	edgecross10-080	1053	5940	170814	164639	164639	0.269817
BATCH_RUNTIME_ROW	clay0204hfsg	590	1696	7198	6562	6562	0.275738
BATCH_RUNTIME_ROW	st_bsj2	13	40	143	114	114	0.147829
BATCH_RUNTIME_ROW	chimera_mgw-c8-439-onc8-002	440	3038	97870	86464	86464	0.386191
BATCH_RUNTIME_ROW	batchs201210m	5188	17910	349298	303381	303381	0.533136
BATCH_RUNTIME_ROW	rsyn0815m04m	5456	15756	184352	143458	143458	0.521133
BATCH_RUNTIME_ROW	syn40m	560	1528	5007	4829	4829	0.279232
BATCH_RUNTIME_ROW	knp5-44	2157	32604	3764003	3764003	3764003	0.225745
BATCH_RUNTIME_ROW	ex1263a	94	390	2098	2098	2098	0.240160
BATCH_RUNTIME_ROW	st_e41	8	32	88	88	88	0.000001
BATCH_RUNTIME_ROW	squfl025-030	2305	6000	42305	42305	42305	0.287003
BATCH_RUNTIME_ROW	wastewater05m1	98	536	11690	8036	8036	0.262083
BATCH_RUNTIME_ROW	cvxnonsep_psig20	20	380	2870	2870	2870	0.000003
BATCH_RUNTIME_ROW	meanvar-orl400_05_e_8	4405	171604	21923414	21922611	21922611	0.196329
BATCH_RUNTIME_ROW	st_e31	301	744	4534	4257	4257	0.266278
BATCH_RUNTIME_ROW	pooling_sppc1pq	14100	477680	812210652	131443992	131443992	0.400705
BATCH_RUNTIME_ROW	pooling_haverly1pq	31	96	412	403	403	0.191800
BATCH_RUNTIME_ROW	graphpart_3g-0244-0244	128	672	33446	32534	32534	0.233815
BATCH_RUNTIME_ROW	graphpart_clique-20	80	1260	34885	27856	27856	0.228100
BATCH_RUNTIME_ROW	mpbp_48	28368	91016	33835023	16124058	16124058	0.629017
BATCH_RUNTIME_ROW	pooling_sppb5pq	18529	674470	523815053	213571545	213571545	0.507107
BATCH_RUNTIME_ROW	slay07m	497	1512	5740	5740	5740	0.267837
BATCH_RUNTIME_ROW	nvs19	24	200	1353	884	884	0.000003
BATCH_RUNTIME_ROW	oil	3270	8430	36313	34760	34760	0.404417
BATCH_RUNTIME_ROW	squfl015-060	2775	7200	36400	36400	36400	0.308786
BATCH_RUNTIME_ROW	ndcc12persp	1112	5522	299115	284793	284793	0.365889
BATCH_RUNTIME_ROW	kissing2	20772	401024	156414018	156414018	156414018	0.359877
BATCH_RUNTIME_ROW	nuclear25a	1942	16030	1977163	1136191	1136191	0.434176
BATCH_RUNTIME_ROW	clay0204m	222	704	2330	2330	2330	0.265975
BATCH_RUNTIME_ROW	st_ph13	23	68	207	178	178	0.124537
BATCH_RUNTIME_ROW	edgecross10-030	1053	4654	135854	100080	100080	0.361415
BATCH_RUNTIME_ROW	chain200	601	2396	8182	8182	8182	0.244939
BATCH_RUNTIME_ROW	ex1223b	25	66	178	178	178	0.148457
BATCH_RUNTIME_ROW	slay09h	2718	7488	36057	32385	32385	0.379226
BATCH_RUNTIME_ROW	ndcc12	974	5982	345696	329556	329556	0.448209
BATCH_RUNTIME_ROW	kall_circlesrectangles_c6r39	1306	5378	75744	74610	74610	0.370538
BATCH_RUNTIME_ROW	squfl020-150	9170	24000	135020	135020	135020	0.418451
BATCH_RUNTIME_ROW	autocorr_bern40-30	43	1534	20034	20034	20034	0.000008
BATCH_RUNTIME_ROW	slay08m	660	2016	7796	7796	7796	0.280989
BATCH_RUNTIME_ROW	chimera_mgw-c16-2031-01	2032	15900	3328073	2561396	2560646	0.468500
BATCH_RUNTIME_ROW	forest	713	2658	10614	10543	10543	0.366961
BATCH_RUNTIME_ROW	qspp_0_10_0_1_10_1	280	29636	1942907	1932414	1932414	0.155789
BATCH_RUNTIME_ROW	st_ph1	16	58	274	233	233	0.160781
BATCH_RUNTIME_ROW	elf	124	376	2733	2173	2173	0.244026
BATCH_RUNTIME_ROW	ex3_1_3	18	36	90	83	83	0.130753
BATCH_RUNTIME_ROW	cvxnonsep_normcon40r	162	322	645	645	645	0.000002
BATCH_RUNTIME_ROW	demo7	155	618	3579	3426	3426	0.287307
BATCH_RUNTIME_ROW	waternd2	615	2580	155674	74817	74817	0.340515
BATCH_RUNTIME_ROW	prolog	64	292	1245	1225	1225	0.245624
BATCH_RUNTIME_ROW	ex14_1_8	11	30	80	80	80	0.106410
BATCH_RUNTIME_ROW	faclay75	272878	1379706	3204527350	3013800414	3013800414	0.437050
BATCH_RUNTIME_ROW	st_qpk3	55	548	5467	3762	3762	0.155017
BATCH_RUNTIME_ROW	mpbp_34	11556	40860	3093917	891674	891278	0.458321
BATCH_RUNTIME_ROW	cvxnonsep_normcon20r	82	162	325	325	325	0.000004
BATCH_RUNTIME_ROW	cvxnonsep_psig20r	86	170	341	341	341	0.000001
BATCH_RUNTIME_ROW	crudeoil_pooling_dt2	18742	75910	14985540	9947927	9947927	0.480951
BATCH_RUNTIME_ROW	rsyn0805m03m	2868	8270	60979	54853	54853	0.559298
BATCH_RUNTIME_ROW	st_iqpbk1	22	98	295	295	295	0.000003
BATCH_RUNTIME_ROW	waterund01	96	404	4546	3317	3317	0.293972
BATCH_RUNTIME_ROW	pointpack04	29	120	577	577	577	0.176921
BATCH_RUNTIME_ROW	st_e22	12	30	77	70	70	0.100968
BATCH_RUNTIME_ROW	faclay30	16678	82242	13452923	12850431	12850431	0.351516
BATCH_RUNTIME_ROW	arki0002	4432	11248	683476	667374	667374	0.375522
BATCH_RUNTIME_ROW	transswitch0300p	11659	48446	404940	377741	374416	0.619926
BATCH_RUNTIME_ROW	crudeoil_pooling_dt3	30660	152210	48975085	33883039	33883039	0.602201
BATCH_RUNTIME_ROW	gasprod_sarawak81	22536	75636	1030380	941231	941231	0.508620
BATCH_RUNTIME_ROW	maxcsp-langford-3-11	660	29646	33444033	10360919	10360919	0.337858
BATCH_RUNTIME_ROW	p_ball_30b_5p_2d_h	1543	5224	25843	25742	25742	0.281599
BATCH_RUNTIME_ROW	ringpack_20_3	6709	45220	2415136	865627	865627	0.368643
BATCH_RUNTIME_ROW	waste	4825	21504	1468261	1270649	1270649	0.512393
BATCH_RUNTIME_ROW	catmix400	2001	11192	36373	36364	36364	0.217976
BATCH_RUNTIME_ROW	rsyn0815m02hfsg	3054	7968	44604	41416	41384	0.418306
BATCH_RUNTIME_ROW	p_ball_10b_7p_3d_h	1236	4186	24380	23744	23744	0.293883
BATCH_RUNTIME_ROW	chimera_k64ising-02	1225	3846	613390	371142	371142	0.524393
BATCH_RUNTIME_ROW	batchs121208m	3404	11462	138030	128816	128816	0.476706
BATCH_RUNTIME_ROW	nvs02	11	46	142	142	142	0.143180
BATCH_RUNTIME_ROW	wastepaper6	191	1416	16611	16611	16611	0.272579
BATCH_RUNTIME_ROW	syn15hfsg	399	1022	3300	3272	3272	0.250790
BATCH_RUNTIME_ROW	st_jcbpaf2	36	246	1635	1543	1543	0.178561
BATCH_RUNTIME_ROW	camshape400	2000	7188	16768	16768	16768	0.000037
BATCH_RUNTIME_ROW	graphpart_clique-30	120	2790	114505	91153	91153	0.242417
BATCH_RUNTIME_ROW	graphpart_clique-70	280	14910	1413012	1144894	1144894	0.192513
BATCH_RUNTIME_ROW	smallinvDAXr1b010-011	39	1120	13510	13319	13319	0.000006
BATCH_RUNTIME_ROW	nd_netgen-2000-3-4-b-a-ns_7	22074	60000	289420	273394	273394	0.302051
BATCH_RUNTIME_ROW	slay05m	240	720	2635	2635	2635	0.265631
BATCH_RUNTIME_ROW	chimera_selby-c16-01	2031	10964	3605628	2420818	2419538	0.550058
BATCH_RUNTIME_ROW	csched1	110	376	975	975	975	0.247330
BATCH_RUNTIME_ROW	watercontamination0303r	1310	37028	2171882	2171882	2171882	0.130749
BATCH_RUNTIME_ROW	ex9_2_4	15	36	117	117	117	0.111762
BATCH_RUNTIME_ROW	sssd15-04	163	440	1625	1625	1625	0.193365
BATCH_RUNTIME_ROW	autocorr_bern35-35fix	38	1264	16214	16214	16214	0.000006
BATCH_RUNTIME_ROW	sfacloc2_4_90	1491	4500	31682	28843	28843	0.333835
BATCH_RUNTIME_ROW	cont6-qq	120395	557994	835894090	581918900	581918900	0.210180
BATCH_RUNTIME_ROW	meanvar-orl400_05_e_7	5205	174804	21939414	21935811	21935811	0.187520
BATCH_RUNTIME_ROW	glider400	10017	49624	373018	327531	327461	0.326018
BATCH_RUNTIME_ROW	syn40m04m	4960	13792	65982	63265	63265	0.475277
BATCH_RUNTIME_ROW	ex2_1_3	31	72	189	189	189	0.153125
BATCH_RUNTIME_ROW	qapw	705	87496	12183146	12183146	12183146	0.429623
BATCH_RUNTIME_ROW	himmel11	14	60	198	198	198	0.143871
BATCH_RUNTIME_ROW	syn15m04m	1908	5288	26094	25061	25061	0.313381
BATCH_RUNTIME_ROW	pooling_rt2tp	118	654	5876	5796	5796	0.258630
BATCH_RUNTIME_ROW	waterund14	333	2204	200484	72184	72184	0.291915
BATCH_RUNTIME_ROW	crudeoil_lee4_10	17809	120632	294531623	176348241	176348241	0.749216
BATCH_RUNTIME_ROW	pooling_foulds4pq	1294	8302	138692	138540	138540	0.376749
BATCH_RUNTIME_ROW	edgecross14-156	3097	19664	1487933	1376964	1376964	0.298829
BATCH_RUNTIME_ROW	tspn08	72	668	11074	7600	7600	0.219558
BATCH_RUNTIME_ROW	crudeoil_li05	4225	14628	680022	533531	533531	0.470920
BATCH_RUNTIME_ROW	procurement1large	14416	41068	13858240	7372274	7372274	0.496950
BATCH_RUNTIME_ROW	blend721	1428	4548	77560	66143	66143	0.310148
BATCH_RUNTIME_ROW	chimera_selby-c16-02	2031	10878	4280329	2298935	2298651	0.558085
BATCH_RUNTIME_ROW	supplychainr1_053050	16640	57800	2173490	2173490	2173490	0.362118
BATCH_RUNTIME_ROW	sfacloc2_4_80	5067	21424	93048	88884	88884	0.560989
BATCH_RUNTIME_ROW	st_e24	10	26	64	57	57	0.000002
BATCH_RUNTIME_ROW	edgecross10-040	1053	5116	161851	143518	143518	0.289774
BATCH_RUNTIME_ROW	sonet21v6	8232	40744	1643311	1585871	1585871	0.372325
BATCH_RUNTIME_ROW	squfl010-080	2490	6400	27665	27665	27665	0.284405
BATCH_RUNTIME_ROW	genpooling_lee2	221	1048	19895	14028	14028	0.261703
BATCH_RUNTIME_ROW	popdynm25	2807	13904	360081	286812	286812	0.500985
BATCH_RUNTIME_ROW	chp_partload	5211	16740	509170	373797	373134	0.622121
BATCH_RUNTIME_ROW	qspp_0_14_0_1_10_1	560	120274	16119226	16038266	16038266	0.212782
BATCH_RUNTIME_ROW	st_glmp_ss1	24	66	160	160	160	0.131388
BATCH_RUNTIME_ROW	torsion50	2508	29808	1691033	1119054	1119054	0.385384
BATCH_RUNTIME_ROW	st_rv2	40	340	2045	2045	2045	0.204040
BATCH_RUNTIME_ROW	emfl100_3_3	6885	15948	55506	55506	55506	0.222407
BATCH_RUNTIME_ROW	pedigree_sim400	351	23546	1183471	1183168	1183168	0.000079
BATCH_RUNTIME_ROW	polygon75	5846	49652	1171822	1171822	1171822	0.000204
BATCH_RUNTIME_ROW	gabriel10	244056	1148210	1365442310	1267760679	1267760679	0.412280
BATCH_RUNTIME_ROW	fo9_ar25_1	1049	4336	41668	38237	38237	0.273705
BATCH_RUNTIME_ROW	rsyn0840m	1159	3168	11274	10602	10602	0.299067
BATCH_RUNTIME_ROW	gancns	548	2800	69234	58861	58861	0.373400
BATCH_RUNTIME_ROW	o9_ar4_1	1049	4336	41668	38237	38237	0.269808
BATCH_RUNTIME_ROW	ex1265a	123	560	3948	3750	3750	0.303115
BATCH_RUNTIME_ROW	ex9_2_6	28	68	190	190	190	0.145953
BATCH_RUNTIME_ROW	qspp_0_13_0_1_10_1	481	88522	10150185	10097446	10097446	0.168719
BATCH_RUNTIME_ROW	slay04m	146	432	1554	1554	1554	0.220042
BATCH_RUNTIME_ROW	st_e25	20	92	336	262	262	0.000002
BATCH_RUNTIME_ROW	ex8_4_1	32	100	225	225	225	0.208677
BATCH_RUNTIME_ROW	st_e07	19	60	199	199	199	0.183636
BATCH_RUNTIME_ROW	ex1225	26	66	171	161	161	0.143558
BATCH_RUNTIME_ROW	ndcc13	969	5882	525212	324727	324727	0.442610
BATCH_RUNTIME_ROW	syn10m04m	1224	3384	13501	13473	13473	0.263924
BATCH_RUNTIME_ROW	ex5_2_4	18	62	204	193	193	0.173487
BATCH_RUNTIME_ROW	st_m2	72	1226	16331	16331	16331	0.211489
BATCH_RUNTIME_ROW	st_bpk1	16	44	115	108	108	0.126906
BATCH_RUNTIME_ROW	multiplants_stg1	736	3594	197998	155496	155496	0.460531
BATCH_RUNTIME_ROW	powerflow0300p	11251	41918	304705	292049	292256	0.585619
BATCH_RUNTIME_ROW	nd_netgen-3000-1-1-b-b-ns_7	33155	90000	922197	885186	885186	0.407681
BATCH_RUNTIME_ROW	sonet23v4	803	6462	139703	94348	94348	0.433804
BATCH_RUNTIME_ROW	pooling_sppa0pq	1649	24192	3745896	1214182	1214182	0.348831
BATCH_RUNTIME_ROW	multiplants_mtg1b	645	4404	229415	152043	152043	0.457380
BATCH_RUNTIME_ROW	sssd18-08persp	338	1168	4654	4654	4654	0.286341
BATCH_RUNTIME_ROW	ex9_1_2	19	54	188	179	179	0.140748
BATCH_RUNTIME_ROW	crudeoil_lee1_07	3670	19322	4746188	3512781	3506452	0.612615
BATCH_RUNTIME_ROW	pooling_haverly1tp	31	96	423	403	403	0.193214
BATCH_RUNTIME_ROW	waterund08	230	1290	35284	30110	30110	0.234887
BATCH_RUNTIME_ROW	kall_diffcircles_6	76	302	1511	1511	1511	0.192665
BATCH_RUNTIME_ROW	chimera_mgw-c8-439-onc8-001	440	3040	106479	80090	80090	0.393270
BATCH_RUNTIME_ROW	waterund11	160	828	14818	10705	10705	0.280031
BATCH_RUNTIME_ROW	chp_shorttermplan2d	16364	52108	4089003	1997381	1997381	0.548214
BATCH_RUNTIME_ROW	sporttournament18	156	886	17568	13608	13608	0.321367
BATCH_RUNTIME_ROW	cvxnonsep_psig30	30	870	9455	9455	9455	0.000004
BATCH_RUNTIME_ROW	ringpack_20_2	6089	40368	1872174	707413	707413	0.347440
BATCH_RUNTIME_ROW	blend718	1386	4310	70355	61466	61466	0.318538
BATCH_RUNTIME_ROW	wastepaper4	115	724	9711	7183	7183	0.293614
BATCH_RUNTIME_ROW	squfl010-040persp	2450	7200	22825	22825	22825	0.281296
BATCH_RUNTIME_ROW	crudeoil_lee4_06	10429	55492	65337120	32701225	32474991	0.727645
BATCH_RUNTIME_ROW	netmod_kar1	1746	4928	56838	43864	43864	0.443332
BATCH_RUNTIME_ROW	ex8_1_7	14	46	137	128	128	0.149014
BATCH_RUNTIME_ROW	graphpart_3g-0333-0333	108	648	44928	36228	36228	0.211102
BATCH_RUNTIME_ROW	slay05h	760	2080	9815	8795	8795	0.297503
BATCH_RUNTIME_ROW	korcns	156	712	7241	6599	6599	0.313727
BATCH_RUNTIME_ROW	powerflow0118p	5065	18730	121503	117327	117327	0.542391
BATCH_RUNTIME_ROW	sfacloc2_3_80	4799	20600	84672	81119	81119	0.585646
BATCH_RUNTIME_ROW	rsyn0820m04m	6028	17372	196890	152980	152980	0.446161
BATCH_RUNTIME_ROW	hydroenergy1	1046	3024	14089	14089	14089	0.246103
BATCH_RUNTIME_ROW	maxmin	181	1440	8405	8405	8405	0.208323
BATCH_RUNTIME_ROW	st_ht	8	18	51	44	44	0.107114
BATCH_RUNTIME_ROW	crudeoil_lee2_06	6418	34646	23299675	16449263	16066186	0.683542
BATCH_RUNTIME_ROW	kan_r3_h1_n4	3183	14062	104945	98715	98715	0.387726
BATCH_RUNTIME_ROW	primary	378	5610	109639	95258	95258	0.270346
BATCH_RUNTIME_ROW	syn10m03hfsg	1071	2772	9890	9812	9812	0.268942
BATCH_RUNTIME_ROW	wastewater02m1	36	138	848	790	790	0.215672
BATCH_RUNTIME_ROW	supplychainr1_022020	4620	15680	273140	273100	273100	0.342455
BATCH_RUNTIME_ROW	squfl025-025persp	3800	11250	49925	49925	49925	0.219097
BATCH_RUNTIME_ROW	ringpack_30_2	17999	121458	12394600	2873684	2873684	0.616991
BATCH_RUNTIME_ROW	nuclear104	39098	257806	103156931	78321564	78321564	0.797539
BATCH_RUNTIME_ROW	chp_shorttermplan1a	4952	15700	376486	301258	299825	0.499852
BATCH_RUNTIME_ROW	rocket50	555	3488	19983	19265	19265	0.396204
BATCH_RUNTIME_ROW	rsyn0840m04m	8508	24272	229914	186241	185120	0.577458
BATCH_RUNTIME_ROW	mpbp_21	11716	37660	1691114	1456963	1456963	0.551723
BATCH_RUNTIME_ROW	orth_d4m6_pl	172	1096	10938	10703	10703	0.238077
BATCH_RUNTIME_ROW	kall_circlespolygons_c1p5b	1681	7432	201759	193841	193841	0.380018
BATCH_RUNTIME_ROW	acopf_case9241pegase_qcqp	313068	1292408	34647355	33736789	33736789	0.341592
BATCH_RUNTIME_ROW	ex1223	33	82	244	244	244	0.164006
BATCH_RUNTIME_ROW	ex6_1_4	10	48	197	153	153	0.154307
BATCH_RUNTIME_ROW	powerflow0014r	403	1630	10761	10361	10361	0.302657
BATCH_RUNTIME_ROW	knp5-43	2065	31132	3517788	3517788	3517788	0.219564
BATCH_RUNTIME_ROW	gabriel09	21688	89702	29373994	26366112	26366112	0.546666
BATCH_RUNTIME_ROW	tln2	32	88	233	233	233	0.153669
BATCH_RUNTIME_ROW	prob02	22	76	267	232	232	0.178125
BATCH_RUNTIME_ROW	blend146	1422	4460	78102	64296	64296	0.322917
BATCH_RUNTIME_ROW	mpbp_46	4518	14492	499547	447643	447603	0.415491
BATCH_RUNTIME_ROW	tls6	413	2860	18483	17511	17511	0.339219
BATCH_RUNTIME_ROW	emfl100_5_5	21925	52300	221650	221650	221650	0.322680
BATCH_RUNTIME_ROW	qspp_0_11_0_1_10_1	341	44264	3563707	3531915	3531915	0.145379
BATCH_RUNTIME_ROW	p_ball_10b_5p_4d_m	403	1484	13581	13288	13288	0.279862
BATCH_RUNTIME_ROW	st_rv9	90	840	6691	6321	6321	0.249544
BATCH_RUNTIME_ROW	rsyn0840m02m	3486	9576	47529	44981	44981	0.392008
BATCH_RUNTIME_ROW	nvs05	22	84	277	266	266	0.180275
BATCH_RUNTIME_ROW	autocorr_bern25-19	28	612	5278	5278	5278	0.000005
BATCH_RUNTIME_ROW	sssd20-08persp	356	1232	4960	4960	4960	0.293220
BATCH_RUNTIME_ROW	multiplants_stg5	827	3804	377794	155722	155722	0.468782
BATCH_RUNTIME_ROW	chimera_rfr-02	2032	15140	3860441	2487310	2487302	0.520912
BATCH_RUNTIME_ROW	multiplants_stg1a	726	3510	142058	121443	121443	0.460027
BATCH_RUNTIME_ROW	pooling_adhya4pq	170	932	24314	16556	16556	0.245667
BATCH_RUNTIME_ROW	nuclear10a	17493	163816	82406325	55749125	55749125	0.593372
BATCH_RUNTIME_ROW	sonet24v5	874	7260	185654	110276	110276	0.450613
BATCH_RUNTIME_ROW	transswitch2736spr	69651	331010	7933133	7281507	7281507	0.281256
BATCH_RUNTIME_ROW	chp_shorttermplan2a	8992	26288	821014	576395	575282	0.441416
BATCH_RUNTIME_ROW	catmix200	1001	5592	18173	18164	18164	0.251008
BATCH_RUNTIME_ROW	nvs23	27	252	1921	1221	1221	0.000004
BATCH_RUNTIME_ROW	oaer	20	40	107	107	107	0.130014
BATCH_RUNTIME_ROW	hybriddynamic_fixed	168	388	1103	1103	1103	0.195449
BATCH_RUNTIME_ROW	edgecross24-115	16747	77352	35096942	27626301	27626301	0.454176
BATCH_RUNTIME_ROW	space25	1178	4334	23567	22528	22528	0.279754
BATCH_RUNTIME_ROW	methanol400	23999	151728	2586036	1864047	1864047	0.418516
BATCH_RUNTIME_ROW	pooling_foulds5tp	1218	8364	251833	171941	171941	0.430132
BATCH_RUNTIME_ROW	pooling_sppa9tp	5040	121302	104609262	16877457	16877457	0.477869
BATCH_RUNTIME_ROW	st_miqp2	10	18	37	37	37	0.000001
BATCH_RUNTIME_ROW	autocorr_bern30-23	33	878	8940	8940	8940	0.000006
BATCH_RUNTIME_ROW	mpbp_15	9858	31692	1496502	1185325	1167920	0.603423
BATCH_RUNTIME_ROW	cvxnonsep_psig30r	126	250	501	501	501	0.000003
BATCH_RUNTIME_ROW	rsyn0830hfsg	1590	4100	16168	15383	15383	0.355210
BATCH_RUNTIME_ROW	crudeoil_pooling_ct1	1271	4642	125127	93863	93863	0.458678
BATCH_RUNTIME_ROW	multiplants_stg1c	800	3894	150039	143020	143020	0.462271
BATCH_RUNTIME_ROW	st_pan1	11	32	123	94	94	0.112814
BATCH_RUNTIME_ROW	multiplants_stg1b	814	3992	308612	187593	187593	0.499220
BATCH_RUNTIME_ROW	methanol200	11999	76128	1290836	905945	905945	0.490427
BATCH_RUNTIME_ROW	faclay35	26778	132380	33630126	32021838	32021838	0.476634
BATCH_RUNTIME_ROW	emfl050_5_5	13175	32300	155400	155400	155400	0.218686
BATCH_RUNTIME_ROW	transswitch2383wpr	59853	277562	3946309	3861509	3861509	0.378118
BATCH_RUNTIME_ROW	chimera_lga-01	1120	6400	668019	497101	497101	0.425031
BATCH_RUNTIME_ROW	gasprod_sarawak16	4596	15316	213850	196064	196064	0.545496
BATCH_RUNTIME_ROW	crudeoil_lee4_09	15904	101792	208785578	129101152	129101152	0.746464
BATCH_RUNTIME_ROW	arki0013	44909	160172	390472987	150283404	150283404	0.748211
BATCH_RUNTIME_ROW	st_m1	42	432	3097	3097	3097	0.171805
BATCH_RUNTIME_ROW	mpbp_47	5310	17098	730624	652248	652248	0.538235
BATCH_RUNTIME_ROW	rsyn0815m	821	2242	8260	7745	7745	0.381074
BATCH_RUNTIME_ROW	arki0016	7993	37208	878890	835803	835794	0.761192
BATCH_RUNTIME_ROW	st_glmp_ss2	18	48	121	121	121	0.129924
BATCH_RUNTIME_ROW	rsyn0810m02hfsg	2670	6964	36862	34753	34753	0.495352
BATCH_RUNTIME_ROW	pointpack06	55	276	1497	1497	1497	0.180210
BATCH_RUNTIME_ROW	syn40m04hfsg	6328	16896	76232	73685	73685	0.304575
BATCH_RUNTIME_ROW	clay0304m	258	840	2742	2742	2742	0.263621
BATCH_RUNTIME_ROW	pooling_foulds5pq	1218	8300	159641	159641	159641	0.344092
BATCH_RUNTIME_ROW	clay0305hfsg	1000	2910	12260	11240	11240	0.366329
BATCH_RUNTIME_ROW	st_test8	64	232	2343	1964	1964	0.244217
BATCH_RUNTIME_ROW	gams05	17364	252910	6179750712	3259322396	3259322396	0.672846
BATCH_RUNTIME_ROW	sporttournament08	31	156	862	862	862	0.198839
BATCH_RUNTIME_ROW	powerflow0030p	1121	4194	24944	23642	23642	0.331329
BATCH_RUNTIME_ROW	popdynm200	22407	105584	2567878	2436150	2436150	0.603999
BATCH_RUNTIME_ROW	mpbp_35	11120	40790	3037207	976558	975441	0.570218
BATCH_RUNTIME_ROW	syn30m02m	1492	3936	13752	13455	13455	0.353209
BATCH_RUNTIME_ROW	wastewater13m1	481	3252	60135	60068	60068	0.302438
BATCH_RUNTIME_ROW	syn40hfsg	1022	2624	8432	8155	8155	0.287443
BATCH_RUNTIME_ROW	sep1	69	206	1097	1047	1047	0.177012
BATCH_RUNTIME_ROW	syn30m03m	2508	6804	26806	26552	26552	0.383062
BATCH_RUNTIME_ROW	st_qpc-m3a	30	304	2330	1574	1574	0.000004
BATCH_RUNTIME_ROW	crudeoil_pooling_ct3	2644	11426	1381490	866223	866197	0.573666
BATCH_RUNTIME_ROW	space25a	634	3246	29078	27875	27875	0.367961
BATCH_RUNTIME_ROW	autocorr_bern20-15	23	394	2784	2784	2784	0.000004
BATCH_RUNTIME_ROW	ex7_2_1	35	134	352	341	341	0.204563
BATCH_RUNTIME_ROW	hydroenergy2	2092	6236	69051	56014	56014	0.512081
BATCH_RUNTIME_ROW	pooling_digabel19	514	5340	325989	274903	274903	0.321900
BATCH_RUNTIME_ROW	clay0203m	132	420	1348	1348	1348	0.264639
BATCH_RUNTIME_ROW	squfl030-150	13680	36000	252605	252605	252605	0.288256
