tag	matrix	n	input_nnz	amd_flops	baseline_flops	factor_nnz	seconds	raw0	raw1	raw2	raw3	post0	post1	post2	post3
ORIGINAL_ROW	slay06m	357	1080	4025	4025	1113	0.000271	4025	4025	4025	4025	4025	4025	4025	4025
ORIGINAL_ROW	sssd25-08	401	1200	5389	5389	1325	0.000220	5389	5389	5389	5389	5389	5389	5389	5389
ORIGINAL_ROW	rsyn0810m04m	4772	13836	147553	113250	17270	0.002934	113250	113250	113250	113250	113250	113250	113250	113250
ORIGINAL_ROW	pooling_sppc3pq	23173	893724	1153877333	325595394	1305528	0.000000	325595394	325595394	325595394	325595394	325595394	325595394	325595394	325595394
ORIGINAL_ROW	sporttournament48	1131	6676	919582	594138	20480	0.001385	594138	594138	594138	594138	594138	594138	594138	594138
ORIGINAL_ROW	pooling_sppa9pq	5030	120730	23971280	15130622	152488	0.008877	15130622	15130622	15130622	15130622	15130622	15130622	15130622	15130622
ORIGINAL_ROW	edgecross10-090	1053	5204	126115	103179	5545	0.000732	103179	103179	103179	103179	103179	103179	103179	103179
ORIGINAL_ROW	maxcsp-ehi-85-297-71	2372	207996	1381768944	1110971341	1294981	0.000000	1110971341	1110971341	1110971341	1110971341	1110971341	1110971341	1110971341	1110971341
ORIGINAL_ROW	st_bpaf1a	30	120	623	580	120	0.000024	580	580	580	580	580	580	580	580
ORIGINAL_ROW	risk2bpb	1462	5396	118471	66041	6655	0.001021	66041	66041	66041	66041	66041	66041	66041	66041
ORIGINAL_ROW	qap	255	43748	3802533	3650113	25541	0.003373	3650113	3650113	3650113	3650113	3650113	3650113	3650113	3650113
ORIGINAL_ROW	rsyn0830m04m	7252	20752	212130	171656	25678	0.004552	171656	171656	171656	171656	171656	171656	171656	171656
ORIGINAL_ROW	lop97icx	1073	2118	79286	64044	3950	0.000563	64044	64044	64044	64044	64044	64044	64044	64044
ORIGINAL_ROW	chain400	1201	4796	16382	16382	4398	0.000692	16382	16382	16382	16382	16382	16382	16382	16382
ORIGINAL_ROW	mpbp_07	9532	30810	1368477	1248947	55603	0.006252	1248947	1248947	1248947	1248947	1248947	1248947	1248947	1248947
ORIGINAL_ROW	sonetgr17	440	2958	37814	30971	2807	0.000368	30971	30971	30971	30971	30971	30971	30971	30971
ORIGINAL_ROW	p_ball_30b_7p_2d_h	2207	7516	42456	42319	7771	0.001212	42319	42319	42319	42319	42319	42319	42319	42319
ORIGINAL_ROW	pinene200	19995	97990	1358716	1134463	133427	0.015145	1134463	1134463	1134463	1134463	1134463	1134463	1134463	1134463
ORIGINAL_ROW	unitcommit_200_100_1_mod_8	146830	476332	3053940	2981835	498723	0.000000	2981835	2981835	2981835	2981835	2981835	2981835	2981835	2981835
ORIGINAL_ROW	ex8_3_9	123	834	15050	11503	1019	0.000124	11503	11503	11503	11503	11503	11503	11503	11503
ORIGINAL_ROW	rsyn0820m02m	2486	6932	38190	35631	8131	0.001552	35631	35631	35631	35631	35631	35631	35631	35631
ORIGINAL_ROW	p_ball_10b_5p_2d_m	293	964	6648	6547	1135	0.000177	6547	6547	6547	6547	6547	6547	6547	6547
ORIGINAL_ROW	pooling_adhya4tp	170	936	26842	20581	1459	0.000172	20581	20581	20581	20581	20581	20581	20581	20581
ORIGINAL_ROW	squfl015-080persp	7295	21600	74520	74520	20600	0.003788	74520	74520	74520	74520	74520	74520	74520	74520
ORIGINAL_ROW	edgecross10-080	1053	5940	170814	164639	6247	0.000838	164639	164639	164639	164639	164639	164639	164639	164639
ORIGINAL_ROW	clay0204hfsg	590	1696	7198	6562	1858	0.000349	6562	6562	6562	6562	6562	6562	6562	6562
ORIGINAL_ROW	st_bsj2	13	40	143	114	36	0.000011	114	114	114	114	114	114	114	114
ORIGINAL_ROW	chimera_mgw-c8-439-onc8-002	440	3038	97870	86464	5210	0.000507	86464	86464	86464	86464	86464	86464	86464	86464
ORIGINAL_ROW	batchs201210m	5188	17910	349298	303381	21409	0.003081	303381	303381	303381	303381	303381	303381	303381	303381
ORIGINAL_ROW	rsyn0815m04m	5456	15756	184352	143458	20102	0.003469	143458	143458	143458	143458	143458	143458	143458	143458
ORIGINAL_ROW	syn40m	560	1528	5007	4829	1585	0.000349	4829	4829	4829	4829	4829	4829	4829	4829
ORIGINAL_ROW	knp5-44	2157	32604	3764003	3764003	38039	0.002729	3764003	3764003	3764003	3764003	3764003	3764003	3764003	3764003
ORIGINAL_ROW	ex1263a	94	390	2098	2098	392	0.000068	2098	2098	2098	2098	2098	2098	2098	2098
ORIGINAL_ROW	st_e41	8	32	88	88	24	0.000008	88	88	88	88	88	88	88	88
ORIGINAL_ROW	squfl025-030	2305	6000	42305	42305	7105	0.001135	42305	42305	42305	42305	42305	42305	42305	42305
ORIGINAL_ROW	wastewater05m1	98	536	11690	8036	722	0.000103	8036	8036	8036	8036	8036	8036	8036	8036
ORIGINAL_ROW	cvxnonsep_psig20	20	380	2870	2870	210	0.000026	2870	2870	2870	2870	2870	2870	2870	2870
ORIGINAL_ROW	meanvar-orl400_05_e_8	4405	171604	21923414	21922611	91407	0.010511	21922611	21922611	21922611	21922611	21922611	21922611	21922611	21922611
ORIGINAL_ROW	st_e31	301	744	4534	4257	983	0.000187	4257	4257	4257	4257	4257	4257	4257	4257
ORIGINAL_ROW	pooling_sppc1pq	14100	477680	812210652	131443992	755948	0.030098	131443992	131443992	131443992	131443992	131443992	131443992	131443992	131443992
ORIGINAL_ROW	pooling_haverly1pq	31	96	412	403	105	0.000026	403	403	403	403	403	403	403	403
ORIGINAL_ROW	graphpart_3g-0244-0244	128	672	33446	32534	1608	0.000134	32534	32534	32534	32534	32534	32534	32534	32534
ORIGINAL_ROW	graphpart_clique-20	80	1260	34885	27856	1384	0.000125	27856	27856	27856	27856	27856	27856	27856	27856
ORIGINAL_ROW	mpbp_48	28368	91016	33835023	16124058	218338	0.019954	16124058	16124058	16124058	16124058	16124058	16124058	16124058	16124058
ORIGINAL_ROW	pooling_sppb5pq	18529	674470	523815053	213571545	857699	0.045894	213571545	213571545	213571545	213571545	213571545	213571545	213571545	213571545
ORIGINAL_ROW	slay07m	497	1512	5740	5740	1554	0.000260	5740	5740	5740	5740	5740	5740	5740	5740
ORIGINAL_ROW	nvs19	24	200	1353	884	124	0.000024	884	884	884	884	884	884	884	884
ORIGINAL_ROW	oil	3270	8430	36313	34760	9956	0.002052	34760	34760	34760	34760	34760	34760	34760	34760
ORIGINAL_ROW	squfl015-060	2775	7200	36400	36400	8280	0.001375	36400	36400	36400	36400	36400	36400	36400	36400
ORIGINAL_ROW	ndcc12persp	1112	5522	299115	284793	10779	0.000887	284793	284793	284793	284793	284793	284793	284793	284793
ORIGINAL_ROW	kissing2	20772	401024	156414018	156414018	482006	0.032952	156414018	156414018	156414018	156414018	156414018	156414018	156414018	156414018
ORIGINAL_ROW	nuclear25a	1942	16030	1977163	1136191	28193	0.002217	1136191	1136191	1136191	1136191	1136191	1136191	1136191	1136191
ORIGINAL_ROW	clay0204m	222	704	2330	2330	682	0.000126	2330	2330	2330	2330	2330	2330	2330	2330
ORIGINAL_ROW	st_ph13	23	68	207	178	60	0.000016	178	178	178	178	178	178	178	178
ORIGINAL_ROW	edgecross10-030	1053	4654	135854	100080	5536	0.000708	100080	100080	100080	100080	100080	100080	100080	100080
ORIGINAL_ROW	chain200	601	2396	8182	8182	2198	0.000349	8182	8182	8182	8182	8182	8182	8182	8182
ORIGINAL_ROW	ex1223b	25	66	178	178	64	0.000020	178	178	178	178	178	178	178	178
ORIGINAL_ROW	slay09h	2718	7488	36057	32385	8703	0.001450	32385	32385	32385	32385	32385	32385	32385	32385
ORIGINAL_ROW	ndcc12	974	5982	345696	329556	12112	0.000868	329556	329556	329556	329556	329556	329556	329556	329556
ORIGINAL_ROW	kall_circlesrectangles_c6r39	1306	5378	75744	74610	7868	0.000871	74610	74610	74610	74610	74610	74610	74610	74610
ORIGINAL_ROW	squfl020-150	9170	24000	135020	135020	27360	0.004573	135020	135020	135020	135020	135020	135020	135020	135020
ORIGINAL_ROW	autocorr_bern40-30	43	1534	20034	20034	810	0.000102	20034	20034	20034	20034	20034	20034	20034	20034
ORIGINAL_ROW	slay08m	660	2016	7796	7796	2068	0.000329	7796	7796	7796	7796	7796	7796	7796	7796
ORIGINAL_ROW	chimera_mgw-c16-2031-01	2032	15900	3328073	2560646	53436	0.002902	2560646	2560646	2560646	2560646	2560646	2560646	2560646	2560646
ORIGINAL_ROW	forest	713	2658	10614	10543	2445	0.000435	10543	10543	10543	10543	10543	10543	10543	10543
ORIGINAL_ROW	qspp_0_10_0_1_10_1	280	29636	1942907	1932414	16660	0.002556	1932414	1932414	1932414	1932414	1932414	1932414	1932414	1932414
ORIGINAL_ROW	st_ph1	16	58	274	233	55	0.000013	233	233	233	233	233	233	233	233
ORIGINAL_ROW	elf	124	376	2733	2173	441	0.000073	2173	2173	2173	2173	2173	2173	2173	2173
ORIGINAL_ROW	ex3_1_3	18	36	90	83	37	0.000011	83	83	83	83	83	83	83	83
ORIGINAL_ROW	cvxnonsep_normcon40r	162	322	645	645	323	0.000068	645	645	645	645	645	645	645	645
ORIGINAL_ROW	demo7	155	618	3579	3426	620	0.000104	3426	3426	3426	3426	3426	3426	3426	3426
ORIGINAL_ROW	waternd2	615	2580	155674	74817	4059	0.000463	74817	74817	74817	74817	74817	74817	74817	74817
ORIGINAL_ROW	prolog	64	292	1245	1225	257	0.000049	1225	1225	1225	1225	1225	1225	1225	1225
ORIGINAL_ROW	ex14_1_8	11	30	80	80	28	0.000009	80	80	80	80	80	80	80	80
ORIGINAL_ROW	faclay75	272878	1379706	3204527350	3013800414	3449330	0.000000	3013800414	3013800414	3013800414	3013800414	3013800414	3013800414	3013800414	3013800414
ORIGINAL_ROW	st_qpk3	55	548	5467	3762	374	0.000050	3762	3762	3762	3762	3762	3762	3762	3762
ORIGINAL_ROW	mpbp_34	11556	40860	3093917	891278	62428	0.007364	891278	891278	891278	891278	891278	891278	891278	891278
ORIGINAL_ROW	cvxnonsep_normcon20r	82	162	325	325	163	0.000036	325	325	325	325	325	325	325	325
ORIGINAL_ROW	cvxnonsep_psig20r	86	170	341	341	171	0.000034	341	341	341	341	341	341	341	341
ORIGINAL_ROW	crudeoil_pooling_dt2	18742	75910	14985540	9947927	174213	0.015173	9947927	9947927	9947927	9947927	9947927	9947927	9947927	9947927
ORIGINAL_ROW	rsyn0805m03m	2868	8270	60979	54853	10111	0.001740	54853	54853	54853	54853	54853	54853	54853	54853
ORIGINAL_ROW	st_iqpbk1	22	98	295	295	71	0.000018	295	295	295	295	295	295	295	295
ORIGINAL_ROW	waterund01	96	404	4546	3317	457	0.000073	3317	3317	3317	3317	3317	3317	3317	3317
ORIGINAL_ROW	pointpack04	29	120	577	577	113	0.000024	577	577	577	577	577	577	577	577
ORIGINAL_ROW	st_e22	12	30	77	70	28	0.000008	70	70	70	70	70	70	70	70
ORIGINAL_ROW	faclay30	16678	82242	13452923	12850431	116585	0.012552	12850431	12850431	12850431	12850431	12850431	12850431	12850431	12850431
ORIGINAL_ROW	arki0002	4432	11248	683476	667374	27906	0.002893	667374	667374	667374	667374	667374	667374	667374	667374
ORIGINAL_ROW	transswitch0300p	11659	48446	404940	374416	51636	0.008638	374416	374416	374416	374416	374416	374416	374416	374416
ORIGINAL_ROW	crudeoil_pooling_dt3	30660	152210	48975085	33883039	471303	0.033620	33883039	33883039	33883039	33883039	33883039	33883039	33883039	33883039
ORIGINAL_ROW	gasprod_sarawak81	22536	75636	1030380	941231	110997	0.016090	941231	941231	941231	941231	941231	941231	941231	941231
ORIGINAL_ROW	maxcsp-langford-3-11	660	29646	33444033	10360919	72709	0.003548	10360919	10360919	10360919	10360919	10360919	10360919	10360919	10360919
ORIGINAL_ROW	p_ball_30b_5p_2d_h	1543	5224	25843	25742	5370	0.000848	25742	25742	25742	25742	25742	25742	25742	25742
ORIGINAL_ROW	ringpack_20_3	6709	45220	2415136	865627	40969	0.004766	865627	865627	865627	865627	865627	865627	865627	865627
ORIGINAL_ROW	waste	4825	21504	1468261	1270649	38413	0.004020	1270649	1270649	1270649	1270649	1270649	1270649	1270649	1270649
ORIGINAL_ROW	catmix400	2001	11192	36373	36364	8396	0.001257	36364	36364	36364	36364	36364	36364	36364	36364
ORIGINAL_ROW	rsyn0815m02hfsg	3054	7968	44604	41384	9902	0.001924	41384	41384	41384	41384	41384	41384	41384	41384
ORIGINAL_ROW	p_ball_10b_7p_3d_h	1236	4186	24380	23744	4436	0.000715	23744	23744	23744	23744	23744	23744	23744	23744
ORIGINAL_ROW	chimera_k64ising-02	1225	3846	613390	371142	11742	0.001190	371142	371142	371142	371142	371142	371142	371142	371142
ORIGINAL_ROW	batchs121208m	3404	11462	138030	128816	13224	0.001958	128816	128816	128816	128816	128816	128816	128816	128816
ORIGINAL_ROW	nvs02	11	46	142	142	36	0.000013	142	142	142	142	142	142	142	142
ORIGINAL_ROW	wastepaper6	191	1416	16611	16611	1511	0.000172	16611	16611	16611	16611	16611	16611	16611	16611
ORIGINAL_ROW	syn15hfsg	399	1022	3300	3272	1106	0.000259	3272	3272	3272	3272	3272	3272	3272	3272
ORIGINAL_ROW	st_jcbpaf2	36	246	1635	1543	199	0.000035	1543	1543	1543	1543	1543	1543	1543	1543
ORIGINAL_ROW	camshape400	2000	7188	16768	16768	5594	0.000978	16768	16768	16768	16768	16768	16768	16768	16768
ORIGINAL_ROW	graphpart_clique-30	120	2790	114505	91153	3027	0.000239	91153	91153	91153	91153	91153	91153	91153	91153
ORIGINAL_ROW	graphpart_clique-70	280	14910	1413012	1144894	15796	0.001071	1144894	1144894	1144894	1144894	1144894	1144894	1144894	1144894
ORIGINAL_ROW	smallinvDAXr1b010-011	39	1120	13510	13319	599	0.000075	13319	13319	13319	13319	13319	13319	13319	13319
ORIGINAL_ROW	nd_netgen-2000-3-4-b-a-ns_7	22074	60000	289420	273394	64374	0.013807	273394	273394	273394	273394	273394	273394	273394	273394
ORIGINAL_ROW	slay05m	240	720	2635	2635	745	0.000126	2635	2635	2635	2635	2635	2635	2635	2635
ORIGINAL_ROW	chimera_selby-c16-01	2031	10964	3605628	2419538	50246	0.002778	2419538	2419538	2419538	2419538	2419538	2419538	2419538	2419538
ORIGINAL_ROW	csched1	110	376	975	975	323	0.000065	975	975	975	975	975	975	975	975
ORIGINAL_ROW	watercontamination0303r	1310	37028	2171882	2171882	20194	0.002273	2171882	2171882	2171882	2171882	2171882	2171882	2171882	2171882
ORIGINAL_ROW	ex9_2_4	15	36	117	117	41	0.000013	117	117	117	117	117	117	117	117
ORIGINAL_ROW	sssd15-04	163	440	1625	1625	497	0.000090	1625	1625	1625	1625	1625	1625	1625	1625
ORIGINAL_ROW	autocorr_bern35-35fix	38	1264	16214	16214	670	0.000076	16214	16214	16214	16214	16214	16214	16214	16214
ORIGINAL_ROW	sfacloc2_4_90	1491	4500	31682	28843	5335	0.000868	28843	28843	28843	28843	28843	28843	28843	28843
ORIGINAL_ROW	cont6-qq	120395	557994	835894090	581918900	3410086	0.000000	581918900	581918900	581918900	581918900	581918900	581918900	581918900	581918900
ORIGINAL_ROW	meanvar-orl400_05_e_7	5205	174804	21939414	21935811	95007	0.010427	21935811	21935811	21935811	21935811	21935811	21935811	21935811	21935811
ORIGINAL_ROW	glider400	10017	49624	373018	327461	54123	0.007534	327461	327461	327461	327461	327461	327461	327461	327461
ORIGINAL_ROW	syn40m04m	4960	13792	65982	63265	15219	0.002949	63265	63265	63265	63265	63265	63265	63265	63265
ORIGINAL_ROW	ex2_1_3	31	72	189	189	73	0.000021	189	189	189	189	189	189	189	189
ORIGINAL_ROW	qapw	705	87496	12183146	12183146	69878	0.004926	12183146	12183146	12183146	12183146	12183146	12183146	12183146	12183146
ORIGINAL_ROW	himmel11	14	60	198	198	48	0.000013	198	198	198	198	198	198	198	198
ORIGINAL_ROW	syn15m04m	1908	5288	26094	25061	5853	0.001133	25061	25061	25061	25061	25061	25061	25061	25061
ORIGINAL_ROW	pooling_rt2tp	118	654	5876	5796	708	0.000101	5796	5796	5796	5796	5796	5796	5796	5796
ORIGINAL_ROW	waterund14	333	2204	200484	72184	3330	0.000345	72184	72184	72184	72184	72184	72184	72184	72184
ORIGINAL_ROW	crudeoil_lee4_10	17809	120632	294531623	176348241	679883	0.126605	176195564	176316721	176195564	176318097	175846985	174752490	175846985	174752490
ORIGINAL_ROW	pooling_foulds4pq	1294	8302	138692	138540	9768	0.000967	138540	138540	138540	138540	138540	138540	138540	138540
ORIGINAL_ROW	edgecross14-156	3097	19664	1487933	1376964	22658	0.002723	1376964	1376964	1376964	1376964	1376964	1376964	1376964	1376964
ORIGINAL_ROW	tspn08	72	668	11074	7600	602	0.000077	7600	7600	7600	7600	7600	7600	7600	7600
ORIGINAL_ROW	crudeoil_li05	4225	14628	680022	533531	25833	0.003117	533531	533531	533531	533531	533531	533531	533531	533531
ORIGINAL_ROW	procurement1large	14416	41068	13858240	7372274	108944	0.011261	7372274	7372274	7372274	7372274	7372274	7372274	7372274	7372274
ORIGINAL_ROW	blend721	1428	4548	77560	66143	6157	0.000874	66143	66143	66143	66143	66143	66143	66143	66143
ORIGINAL_ROW	chimera_selby-c16-02	2031	10878	4280329	2298651	48833	0.002788	2298651	2298651	2298651	2298651	2298651	2298651	2298651	2298651
ORIGINAL_ROW	supplychainr1_053050	16640	57800	2173490	2173490	77190	0.009292	2173490	2173490	2173490	2173490	2173490	2173490	2173490	2173490
ORIGINAL_ROW	sfacloc2_4_80	5067	21424	93048	88884	17868	0.003049	88884	88884	88884	88884	88884	88884	88884	88884
ORIGINAL_ROW	st_e24	10	26	64	57	23	0.000009	57	57	57	57	57	57	57	57
ORIGINAL_ROW	edgecross10-040	1053	5116	161851	143518	6034	0.000785	143518	143518	143518	143518	143518	143518	143518	143518
ORIGINAL_ROW	sonet21v6	8232	40744	1643311	1585871	40593	0.005190	1585871	1585871	1585871	1585871	1585871	1585871	1585871	1585871
ORIGINAL_ROW	squfl010-080	2490	6400	27665	27665	7335	0.001192	27665	27665	27665	27665	27665	27665	27665	27665
ORIGINAL_ROW	genpooling_lee2	221	1048	19895	14028	1302	0.000172	14028	14028	14028	14028	14028	14028	14028	14028
ORIGINAL_ROW	popdynm25	2807	13904	360081	286812	22528	0.002554	286812	286812	286812	286812	286812	286812	286812	286812
ORIGINAL_ROW	chp_partload	5211	16740	509170	373134	28196	0.004316	373134	373134	373134	373134	373134	373134	373134	373134
ORIGINAL_ROW	qspp_0_14_0_1_10_1	560	120274	16119226	16038266	67194	0.009798	16038266	16038266	16038266	16038266	16038266	16038266	16038266	16038266
ORIGINAL_ROW	st_glmp_ss1	24	66	160	160	60	0.000019	160	160	160	160	160	160	160	160
ORIGINAL_ROW	torsion50	2508	29808	1691033	1119054	42300	0.003233	1119054	1119054	1119054	1119054	1119054	1119054	1119054	1119054
ORIGINAL_ROW	st_rv2	40	340	2045	2045	255	0.000038	2045	2045	2045	2045	2045	2045	2045	2045
ORIGINAL_ROW	emfl100_3_3	6885	15948	55506	55506	18972	0.003740	55506	55506	55506	55506	55506	55506	55506	55506
ORIGINAL_ROW	pedigree_sim400	351	23546	1183471	1183168	12124	0.001487	1183168	1183168	1183168	1183168	1183168	1183168	1183168	1183168
ORIGINAL_ROW	polygon75	5846	49652	1171822	1171822	30672	0.004329	1171822	1171822	1171822	1171822	1171822	1171822	1171822	1171822
ORIGINAL_ROW	gabriel10	244056	1148210	1365442310	1267760679	4735821	0.000000	1267760679	1267760679	1267760679	1267760679	1267760679	1267760679	1267760679	1267760679
ORIGINAL_ROW	fo9_ar25_1	1049	4336	41668	38237	4747	0.000647	38237	38237	38237	38237	38237	38237	38237	38237
ORIGINAL_ROW	rsyn0840m	1159	3168	11274	10602	3316	0.000738	10602	10602	10602	10602	10602	10602	10602	10602
ORIGINAL_ROW	gancns	548	2800	69234	58861	4041	0.000570	58861	58861	58861	58861	58861	58861	58861	58861
ORIGINAL_ROW	o9_ar4_1	1049	4336	41668	38237	4747	0.000620	38237	38237	38237	38237	38237	38237	38237	38237
ORIGINAL_ROW	ex1265a	123	560	3948	3750	588	0.000090	3750	3750	3750	3750	3750	3750	3750	3750
ORIGINAL_ROW	ex9_2_6	28	68	190	190	70	0.000020	190	190	190	190	190	190	190	190
ORIGINAL_ROW	qspp_0_13_0_1_10_1	481	88522	10150185	10097446	49486	0.007271	10097446	10097446	10097446	10097446	10097446	10097446	10097446	10097446
ORIGINAL_ROW	slay04m	146	432	1554	1554	450	0.000078	1554	1554	1554	1554	1554	1554	1554	1554
ORIGINAL_ROW	st_e25	20	92	336	262	66	0.000015	262	262	262	262	262	262	262	262
ORIGINAL_ROW	ex8_4_1	32	100	225	225	83	0.000019	225	225	225	225	225	225	225	225
ORIGINAL_ROW	st_e07	19	60	199	199	59	0.000016	199	199	199	199	199	199	199	199
ORIGINAL_ROW	ex1225	26	66	171	161	63	0.000016	161	161	161	161	161	161	161	161
ORIGINAL_ROW	ndcc13	969	5882	525212	324727	12325	0.000871	324727	324727	324727	324727	324727	324727	324727	324727
ORIGINAL_ROW	syn10m04m	1224	3384	13501	13473	3639	0.000698	13473	13473	13473	13473	13473	13473	13473	13473
ORIGINAL_ROW	ex5_2_4	18	62	204	193	55	0.000014	193	193	193	193	193	193	193	193
ORIGINAL_ROW	st_m2	72	1226	16331	16331	895	0.000108	16331	16331	16331	16331	16331	16331	16331	16331
ORIGINAL_ROW	st_bpk1	16	44	115	108	40	0.000010	108	108	108	108	108	108	108	108
ORIGINAL_ROW	multiplants_stg1	736	3594	197998	155496	6926	0.000707	155496	155496	155496	155496	155496	155496	155496	155496
ORIGINAL_ROW	powerflow0300p	11251	41918	304705	292256	45418	0.008229	292256	292256	292256	292256	292256	292256	292256	292256
ORIGINAL_ROW	nd_netgen-3000-1-1-b-b-ns_7	33155	90000	922197	885186	101542	0.022249	885186	885186	885186	885186	885186	885186	885186	885186
ORIGINAL_ROW	sonet23v4	803	6462	139703	94348	6246	0.000774	94348	94348	94348	94348	94348	94348	94348	94348
ORIGINAL_ROW	pooling_sppa0pq	1649	24192	3745896	1214182	31968	0.002191	1214182	1214182	1214182	1214182	1214182	1214182	1214182	1214182
ORIGINAL_ROW	multiplants_mtg1b	645	4404	229415	152043	6901	0.000665	152043	152043	152043	152043	152043	152043	152043	152043
ORIGINAL_ROW	sssd18-08persp	338	1168	4654	4654	1142	0.000194	4654	4654	4654	4654	4654	4654	4654	4654
ORIGINAL_ROW	ex9_1_2	19	54	188	179	57	0.000016	179	179	179	179	179	179	179	179
ORIGINAL_ROW	crudeoil_lee1_07	3670	19322	4746188	3506452	52882	0.003915	3506452	3506452	3506452	3506452	3506452	3506452	3506452	3506452
ORIGINAL_ROW	pooling_haverly1tp	31	96	423	403	105	0.000023	403	403	403	403	403	403	403	403
ORIGINAL_ROW	waterund08	230	1290	35284	30110	1770	0.000185	30110	30110	30110	30110	30110	30110	30110	30110
ORIGINAL_ROW	kall_diffcircles_6	76	302	1511	1511	281	0.000049	1511	1511	1511	1511	1511	1511	1511	1511
ORIGINAL_ROW	chimera_mgw-c8-439-onc8-001	440	3040	106479	80090	5060	0.000489	80090	80090	80090	80090	80090	80090	80090	80090
ORIGINAL_ROW	waterund11	160	828	14818	10705	989	0.000136	10705	10705	10705	10705	10705	10705	10705	10705
ORIGINAL_ROW	chp_shorttermplan2d	16364	52108	4089003	1997381	81473	0.011332	1997381	1997381	1997381	1997381	1997381	1997381	1997381	1997381
ORIGINAL_ROW	sporttournament18	156	886	17568	13608	1328	0.000164	13608	13608	13608	13608	13608	13608	13608	13608
ORIGINAL_ROW	cvxnonsep_psig30	30	870	9455	9455	465	0.000048	9455	9455	9455	9455	9455	9455	9455	9455
ORIGINAL_ROW	ringpack_20_2	6089	40368	1872174	707413	36329	0.004595	707413	707413	707413	707413	707413	707413	707413	707413
ORIGINAL_ROW	blend718	1386	4310	70355	61466	5842	0.000853	61466	61466	61466	61466	61466	61466	61466	61466
ORIGINAL_ROW	wastepaper4	115	724	9711	7183	807	0.000100	7183	7183	7183	7183	7183	7183	7183	7183
ORIGINAL_ROW	squfl010-040persp	2450	7200	22825	22825	6895	0.001220	22825	22825	22825	22825	22825	22825	22825	22825
ORIGINAL_ROW	crudeoil_lee4_06	10429	55492	65337120	32474991	233773	0.055679	32472227	32472227	32474451	32472227	32467193	32467193	32469401	32467193
ORIGINAL_ROW	netmod_kar1	1746	4928	56838	43864	6364	0.000978	43864	43864	43864	43864	43864	43864	43864	43864
ORIGINAL_ROW	ex8_1_7	14	46	137	128	40	0.000013	128	128	128	128	128	128	128	128
ORIGINAL_ROW	graphpart_3g-0333-0333	108	648	44928	36228	1594	0.000139	36228	36228	36228	36228	36228	36228	36228	36228
ORIGINAL_ROW	slay05h	760	2080	9815	8795	2425	0.000411	8795	8795	8795	8795	8795	8795	8795	8795
ORIGINAL_ROW	korcns	156	712	7241	6599	887	0.000144	6599	6599	6599	6599	6599	6599	6599	6599
ORIGINAL_ROW	powerflow0118p	5065	18730	121503	117327	20045	0.003502	117327	117327	117327	117327	117327	117327	117327	117327
ORIGINAL_ROW	sfacloc2_3_80	4799	20600	84672	81119	16813	0.002868	81119	81119	81119	81119	81119	81119	81119	81119
ORIGINAL_ROW	rsyn0820m04m	6028	17372	196890	152980	21916	0.003807	152980	152980	152980	152980	152980	152980	152980	152980
ORIGINAL_ROW	hydroenergy1	1046	3024	14089	14089	3435	0.000606	14089	14089	14089	14089	14089	14089	14089	14089
ORIGINAL_ROW	maxmin	181	1440	8405	8405	925	0.000136	8405	8405	8405	8405	8405	8405	8405	8405
ORIGINAL_ROW	st_ht	8	18	51	44	18	0.000006	44	44	44	44	44	44	44	44
ORIGINAL_ROW	crudeoil_lee2_06	6418	34646	23299675	16066186	133378	0.014377	16066186	16066186	16065698	16066186	16066186	16066186	16065194	16066186
ORIGINAL_ROW	kan_r3_h1_n4	3183	14062	104945	98715	15597	0.002292	98715	98715	98715	98715	98715	98715	98715	98715
ORIGINAL_ROW	primary	378	5610	109639	95258	3428	0.000527	95258	95258	95258	95258	95258	95258	95258	95258
ORIGINAL_ROW	syn10m03hfsg	1071	2772	9890	9812	3040	0.000659	9812	9812	9812	9812	9812	9812	9812	9812
ORIGINAL_ROW	wastewater02m1	36	138	848	790	156	0.000034	790	790	790	790	790	790	790	790
ORIGINAL_ROW	supplychainr1_022020	4620	15680	273140	273100	20540	0.002600	273100	273100	273100	273100	273100	273100	273100	273100
ORIGINAL_ROW	squfl025-025persp	3800	11250	49925	49925	10975	0.001965	49925	49925	49925	49925	49925	49925	49925	49925
ORIGINAL_ROW	ringpack_30_2	17999	121458	12394600	2873684	108470	0.014102	2873684	2873684	2873684	2873684	2873684	2873684	2873684	2873684
ORIGINAL_ROW	nuclear104	39098	257806	103156931	78321564	523276	0.037718	78321564	78321564	78321564	78321564	78321564	78321564	78321564	78321564
ORIGINAL_ROW	chp_shorttermplan1a	4952	15700	376486	299825	22589	0.003251	299825	299825	299825	299825	299825	299825	299825	299825
ORIGINAL_ROW	rocket50	555	3488	19983	19265	3185	0.000475	19265	19265	19265	19265	19265	19265	19265	19265
ORIGINAL_ROW	rsyn0840m04m	8508	24272	229914	185120	29560	0.005404	185120	185120	185120	185120	185120	185120	185120	185120
ORIGINAL_ROW	mpbp_21	11716	37660	1691114	1456963	65805	0.007425	1456963	1456963	1456963	1456963	1456963	1456963	1456963	1456963
ORIGINAL_ROW	orth_d4m6_pl	172	1096	10938	10703	1019	0.000147	10703	10703	10703	10703	10703	10703	10703	10703
ORIGINAL_ROW	kall_circlespolygons_c1p5b	1681	7432	201759	193841	11831	0.001244	193841	193841	193841	193841	193841	193841	193841	193841
ORIGINAL_ROW	acopf_case9241pegase_qcqp	313068	1292408	34647355	33736789	1988065	0.000000	33736789	33736789	33736789	33736789	33736789	33736789	33736789	33736789
ORIGINAL_ROW	ex1223	33	82	244	244	86	0.000027	244	244	244	244	244	244	244	244
ORIGINAL_ROW	ex6_1_4	10	48	197	153	37	0.000011	153	153	153	153	153	153	153	153
ORIGINAL_ROW	powerflow0014r	403	1630	10761	10361	1783	0.000289	10361	10361	10361	10361	10361	10361	10361	10361
ORIGINAL_ROW	knp5-43	2065	31132	3517788	3517788	36336	0.002607	3517788	3517788	3517788	3517788	3517788	3517788	3517788	3517788
ORIGINAL_ROW	gabriel09	21688	89702	29373994	26366112	228634	0.017869	26366112	26366112	26366112	26366112	26366112	26366112	26366112	26366112
ORIGINAL_ROW	tln2	32	88	233	233	83	0.000023	233	233	233	233	233	233	233	233
ORIGINAL_ROW	prob02	22	76	267	232	66	0.000016	232	232	232	232	232	232	232	232
ORIGINAL_ROW	blend146	1422	4460	78102	64296	6042	0.000864	64296	64296	64296	64296	64296	64296	64296	64296
ORIGINAL_ROW	mpbp_46	4518	14492	499547	447603	24571	0.002894	447603	447603	447603	447603	447603	447603	447603	447603
ORIGINAL_ROW	tls6	413	2860	18483	17511	2429	0.000348	17511	17511	17511	17511	17511	17511	17511	17511
ORIGINAL_ROW	emfl100_5_5	21925	52300	221650	221650	62300	0.012613	221650	221650	221650	221650	221650	221650	221650	221650
ORIGINAL_ROW	qspp_0_11_0_1_10_1	341	44264	3563707	3531915	24763	0.003748	3531915	3531915	3531915	3531915	3531915	3531915	3531915	3531915
ORIGINAL_ROW	p_ball_10b_5p_4d_m	403	1484	13581	13288	1736	0.000246	13288	13288	13288	13288	13288	13288	13288	13288
ORIGINAL_ROW	st_rv9	90	840	6691	6321	679	0.000083	6321	6321	6321	6321	6321	6321	6321	6321
ORIGINAL_ROW	rsyn0840m02m	3486	9576	47529	44981	10989	0.002184	44981	44981	44981	44981	44981	44981	44981	44981
ORIGINAL_ROW	nvs05	22	84	277	266	72	0.000019	266	266	266	266	266	266	266	266
ORIGINAL_ROW	autocorr_bern25-19	28	612	5278	5278	334	0.000051	5278	5278	5278	5278	5278	5278	5278	5278
ORIGINAL_ROW	sssd20-08persp	356	1232	4960	4960	1208	0.000203	4960	4960	4960	4960	4960	4960	4960	4960
ORIGINAL_ROW	multiplants_stg5	827	3804	377794	155722	7440	0.000757	155722	155722	155722	155722	155722	155722	155722	155722
ORIGINAL_ROW	chimera_rfr-02	2032	15140	3860441	2487302	51728	0.003132	2487302	2487302	2487302	2487302	2487302	2487302	2487302	2487302
ORIGINAL_ROW	multiplants_stg1a	726	3510	142058	121443	6211	0.000644	121443	121443	121443	121443	121443	121443	121443	121443
ORIGINAL_ROW	pooling_adhya4pq	170	932	24314	16556	1362	0.000153	16556	16556	16556	16556	16556	16556	16556	16556
ORIGINAL_ROW	nuclear10a	17493	163816	82406325	55749125	365737	0.020660	55749125	55749125	55749125	55749125	55749125	55749125	55749125	55749125
ORIGINAL_ROW	sonet24v5	874	7260	185654	110276	7010	0.000834	110276	110276	110276	110276	110276	110276	110276	110276
ORIGINAL_ROW	transswitch2736spr	69651	331010	7933133	7281507	439563	0.000000	7281507	7281507	7281507	7281507	7281507	7281507	7281507	7281507
ORIGINAL_ROW	chp_shorttermplan2a	8992	26288	821014	575282	38330	0.005503	575282	575282	575282	575282	575282	575282	575282	575282
ORIGINAL_ROW	catmix200	1001	5592	18173	18164	4196	0.000619	18164	18164	18164	18164	18164	18164	18164	18164
ORIGINAL_ROW	nvs23	27	252	1921	1221	153	0.000028	1221	1221	1221	1221	1221	1221	1221	1221
ORIGINAL_ROW	oaer	20	40	107	107	45	0.000014	107	107	107	107	107	107	107	107
ORIGINAL_ROW	hybriddynamic_fixed	168	388	1103	1103	421	0.000096	1103	1103	1103	1103	1103	1103	1103	1103
ORIGINAL_ROW	edgecross24-115	16747	77352	35096942	27626301	160407	0.014051	27626301	27626301	27626301	27626301	27626301	27626301	27626301	27626301
ORIGINAL_ROW	space25	1178	4334	23567	22528	4186	0.000707	22528	22528	22528	22528	22528	22528	22528	22528
ORIGINAL_ROW	methanol400	23999	151728	2586036	1864047	186271	0.019931	1864047	1864047	1864047	1864047	1864047	1864047	1864047	1864047
ORIGINAL_ROW	pooling_foulds5tp	1218	8364	251833	171941	9811	0.000903	171941	171941	171941	171941	171941	171941	171941	171941
ORIGINAL_ROW	pooling_sppa9tp	5040	121302	104609262	16877457	158869	0.008823	16877457	16877457	16877457	16877457	16877457	16877457	16877457	16877457
ORIGINAL_ROW	st_miqp2	10	18	37	37	19	0.000008	37	37	37	37	37	37	37	37
ORIGINAL_ROW	autocorr_bern30-23	33	878	8940	8940	472	0.000067	8940	8940	8940	8940	8940	8940	8940	8940
ORIGINAL_ROW	mpbp_15	9858	31692	1496502	1167920	55898	0.006235	1167920	1167920	1167920	1167920	1167920	1167920	1167920	1167920
ORIGINAL_ROW	cvxnonsep_psig30r	126	250	501	501	251	0.000056	501	501	501	501	501	501	501	501
ORIGINAL_ROW	rsyn0830hfsg	1590	4100	16168	15383	4687	0.001025	15383	15383	15383	15383	15383	15383	15383	15383
ORIGINAL_ROW	crudeoil_pooling_ct1	1271	4642	125127	93863	7323	0.000962	93863	93863	93863	93863	93863	93863	93863	93863
ORIGINAL_ROW	multiplants_stg1c	800	3894	150039	143020	6946	0.000674	143020	143020	143020	143020	143020	143020	143020	143020
ORIGINAL_ROW	st_pan1	11	32	123	94	30	0.000008	94	94	94	94	94	94	94	94
ORIGINAL_ROW	multiplants_stg1b	814	3992	308612	187593	7725	0.000734	187593	187593	187593	187593	187593	187593	187593	187593
ORIGINAL_ROW	methanol200	11999	76128	1290836	905945	92103	0.010007	905945	905945	905945	905945	905945	905945	905945	905945
ORIGINAL_ROW	faclay35	26778	132380	33630126	32021838	204090	0.020870	32021838	32021838	32021838	32021838	32021838	32021838	32021838	32021838
ORIGINAL_ROW	emfl050_5_5	13175	32300	155400	155400	38550	0.007549	155400	155400	155400	155400	155400	155400	155400	155400
ORIGINAL_ROW	transswitch2383wpr	59853	277562	3946309	3861509	332327	0.000000	3861509	3861509	3861509	3861509	3861509	3861509	3861509	3861509
ORIGINAL_ROW	chimera_lga-01	1120	6400	668019	497101	15989	0.001411	497101	497101	497101	497101	497101	497101	497101	497101
ORIGINAL_ROW	gasprod_sarawak16	4596	15316	213850	196064	22604	0.003336	196064	196064	196064	196064	196064	196064	196064	196064
ORIGINAL_ROW	crudeoil_lee4_09	15904	101792	208785578	129101152	556476	0.106852	129010199	129090859	129012295	129092999	128886676	128977601	128782785	128840457
ORIGINAL_ROW	arki0013	44909	160172	390472987	150283404	683350	0.193645	149934813	150184344	150199161	150216499	149819952	150046167	149962220	150041934
ORIGINAL_ROW	st_m1	42	432	3097	3097	313	0.000053	3097	3097	3097	3097	3097	3097	3097	3097
ORIGINAL_ROW	mpbp_47	5310	17098	730624	652248	30546	0.003342	652248	652248	652248	652248	652248	652248	652248	652248
ORIGINAL_ROW	rsyn0815m	821	2242	8260	7745	2365	0.000523	7745	7745	7745	7745	7745	7745	7745	7745
ORIGINAL_ROW	arki0016	7993	37208	878890	835794	47534	0.005959	835794	835794	835794	835794	835794	835794	835794	835794
ORIGINAL_ROW	st_glmp_ss2	18	48	121	121	45	0.000015	121	121	121	121	121	121	121	121
ORIGINAL_ROW	rsyn0810m02hfsg	2670	6964	36862	34753	8593	0.001675	34753	34753	34753	34753	34753	34753	34753	34753
ORIGINAL_ROW	pointpack06	55	276	1497	1497	241	0.000047	1497	1497	1497	1497	1497	1497	1497	1497
ORIGINAL_ROW	syn40m04hfsg	6328	16896	76232	73685	18919	0.003776	73685	73685	73685	73685	73685	73685	73685	73685
ORIGINAL_ROW	clay0304m	258	840	2742	2742	798	0.000155	2742	2742	2742	2742	2742	2742	2742	2742
ORIGINAL_ROW	pooling_foulds5pq	1218	8300	159641	159641	9583	0.000872	159641	159641	159641	159641	159641	159641	159641	159641
ORIGINAL_ROW	clay0305hfsg	1000	2910	12260	11240	3160	0.000566	11240	11240	11240	11240	11240	11240	11240	11240
ORIGINAL_ROW	st_test8	64	232	2343	1964	316	0.000045	1964	1964	1964	1964	1964	1964	1964	1964
ORIGINAL_ROW	gams05	17364	252910	6179750712	3259322396	3290984	0.000000	3259322396	3259322396	3259322396	3259322396	3259322396	3259322396	3259322396	3259322396
ORIGINAL_ROW	sporttournament08	31	156	862	862	154	0.000031	862	862	862	862	862	862	862	862
ORIGINAL_ROW	powerflow0030p	1121	4194	24944	23642	4378	0.000721	23642	23642	23642	23642	23642	23642	23642	23642
ORIGINAL_ROW	popdynm200	22407	105584	2567878	2436150	185076	0.018187	2436150	2436150	2436150	2436150	2436150	2436150	2436150	2436150
ORIGINAL_ROW	mpbp_35	11120	40790	3037207	975441	63231	0.007536	975441	975441	975441	975441	975441	975441	975441	975441
ORIGINAL_ROW	syn30m02m	1492	3936	13752	13455	4221	0.000921	13455	13455	13455	13455	13455	13455	13455	13455
ORIGINAL_ROW	wastewater13m1	481	3252	60135	60068	3560	0.000379	60068	60068	60068	60068	60068	60068	60068	60068
ORIGINAL_ROW	syn40hfsg	1022	2624	8432	8155	2807	0.000640	8155	8155	8155	8155	8155	8155	8155	8155
ORIGINAL_ROW	sep1	69	206	1097	1047	249	0.000052	1047	1047	1047	1047	1047	1047	1047	1047
ORIGINAL_ROW	syn30m03m	2508	6804	26806	26552	7404	0.001446	26552	26552	26552	26552	26552	26552	26552	26552
ORIGINAL_ROW	st_qpc-m3a	30	304	2330	1574	182	0.000034	1574	1574	1574	1574	1574	1574	1574	1574
ORIGINAL_ROW	crudeoil_pooling_ct3	2644	11426	1381490	866197	26609	0.002501	866197	866197	866197	866197	866197	866197	866197	866197
ORIGINAL_ROW	space25a	634	3246	29078	27875	3349	0.000513	27875	27875	27875	27875	27875	27875	27875	27875
ORIGINAL_ROW	autocorr_bern20-15	23	394	2784	2784	220	0.000037	2784	2784	2784	2784	2784	2784	2784	2784
ORIGINAL_ROW	ex7_2_1	35	134	352	341	103	0.000025	341	341	341	341	341	341	341	341
ORIGINAL_ROW	hydroenergy2	2092	6236	69051	56014	8284	0.001238	56014	56014	56014	56014	56014	56014	56014	56014
ORIGINAL_ROW	pooling_digabel19	514	5340	325989	274903	8765	0.000700	274903	274903	274903	274903	274903	274903	274903	274903
ORIGINAL_ROW	clay0203m	132	420	1348	1348	402	0.000077	1348	1348	1348	1348	1348	1348	1348	1348
ORIGINAL_ROW	squfl030-150	13680	36000	252605	252605	41115	0.007005	252605	252605	252605	252605	252605	252605	252605	252605
