tag	matrix	n	factor_nnz	seed_flops	old_seconds	new_seconds	old_peo_recon	new_peo_recon	old_lex_calls	new_lex_calls
STATE_GATE_COST_ROW	slay06m	357	1113	4025	0.000158	0.000057	1	0	1	0
STATE_GATE_COST_ROW	sssd25-08	401	1325	5389	0.000186	0.000067	1	0	1	0
STATE_GATE_COST_ROW	rsyn0810m04m	4772	17270	113250	0.002772	0.001074	1	0	1	0
STATE_GATE_COST_ROW	pooling_sppc3pq	23173	1305528	325595394	0.000000	0.000000	0	0	0	0
STATE_GATE_COST_ROW	sporttournament48	1131	20480	594138	0.001274	0.000423	1	0	1	0
STATE_GATE_COST_ROW	pooling_sppa9pq	5030	152488	15130622	0.009857	0.003477	1	0	1	0
STATE_GATE_COST_ROW	edgecross10-090	1053	5545	103179	0.000651	0.000226	1	0	1	0
STATE_GATE_COST_ROW	maxcsp-ehi-85-297-71	2372	1294981	1110971341	0.000000	0.000000	0	0	0	0
STATE_GATE_COST_ROW	st_bpaf1a	30	120	580	0.000021	0.000006	1	0	1	0
STATE_GATE_COST_ROW	risk2bpb	1462	6655	66041	0.000836	0.000305	1	0	1	0
STATE_GATE_COST_ROW	qap	255	25541	3650113	0.002768	0.001011	1	0	1	0
STATE_GATE_COST_ROW	rsyn0830m04m	7252	25678	171656	0.004537	0.001742	1	0	1	0
STATE_GATE_COST_ROW	lop97icx	1073	3950	64044	0.000430	0.000166	1	0	1	0
STATE_GATE_COST_ROW	chain400	1201	4398	16382	0.000672	0.000244	1	0	1	0
STATE_GATE_COST_ROW	mpbp_07	9532	55603	1248947	0.005890	0.002327	1	0	1	0
STATE_GATE_COST_ROW	sonetgr17	440	2807	30971	0.000320	0.000108	1	0	1	0
STATE_GATE_COST_ROW	p_ball_30b_7p_2d_h	2207	7771	42319	0.001087	0.000422	1	0	1	0
STATE_GATE_COST_ROW	pinene200	19995	133427	1134463	0.013736	0.005587	1	0	1	0
STATE_GATE_COST_ROW	unitcommit_200_100_1_mod_8	146830	498723	2981835	0.000000	0.000000	0	0	0	0
STATE_GATE_COST_ROW	ex8_3_9	123	1019	11503	0.000091	0.000030	1	0	1	0
STATE_GATE_COST_ROW	rsyn0820m02m	2486	8131	35631	0.001385	0.000523	1	0	1	0
STATE_GATE_COST_ROW	p_ball_10b_5p_2d_m	293	1135	6547	0.000145	0.000051	1	0	1	0
STATE_GATE_COST_ROW	pooling_adhya4tp	170	1459	20581	0.000119	0.000040	1	0	1	0
STATE_GATE_COST_ROW	squfl015-080persp	7295	20600	74520	0.003538	0.001436	1	0	1	0
STATE_GATE_COST_ROW	edgecross10-080	1053	6247	164639	0.000736	0.000266	1	0	1	0
STATE_GATE_COST_ROW	clay0204hfsg	590	1858	6562	0.000278	0.000102	1	0	1	0
STATE_GATE_COST_ROW	st_bsj2	13	36	114	0.000010	0.000004	1	0	1	0
STATE_GATE_COST_ROW	chimera_mgw-c8-439-onc8-002	440	5210	86464	0.000424	0.000141	1	0	1	0
STATE_GATE_COST_ROW	batchs201210m	5188	21409	303381	0.002933	0.001133	1	0	1	0
STATE_GATE_COST_ROW	rsyn0815m04m	5456	20102	143458	0.003245	0.001276	1	0	1	0
STATE_GATE_COST_ROW	syn40m	560	1585	4829	0.000261	0.000095	1	0	1	0
STATE_GATE_COST_ROW	knp5-44	2157	38039	3764003	0.002696	0.001005	1	0	1	0
STATE_GATE_COST_ROW	ex1263a	94	392	2098	0.000052	0.000017	1	0	1	0
STATE_GATE_COST_ROW	st_e41	8	24	88	0.000007	0.000002	1	0	1	0
STATE_GATE_COST_ROW	squfl025-030	2305	7105	42305	0.001085	0.000419	1	0	1	0
STATE_GATE_COST_ROW	wastewater05m1	98	722	8036	0.000070	0.000022	1	0	1	0
STATE_GATE_COST_ROW	cvxnonsep_psig20	20	210	2870	0.000025	0.000008	1	0	1	0
STATE_GATE_COST_ROW	meanvar-orl400_05_e_8	4405	91407	21922611	0.009280	0.003292	1	0	1	0
STATE_GATE_COST_ROW	st_e31	301	983	4257	0.000146	0.000049	1	0	1	0
STATE_GATE_COST_ROW	pooling_sppc1pq	14100	755948	131443992	0.042108	0.014135	1	0	1	0
STATE_GATE_COST_ROW	pooling_haverly1pq	31	105	403	0.000018	0.000006	1	0	1	0
STATE_GATE_COST_ROW	graphpart_3g-0244-0244	128	1608	32534	0.000107	0.000032	1	0	1	0
STATE_GATE_COST_ROW	graphpart_clique-20	80	1384	27856	0.000100	0.000031	1	0	1	0
STATE_GATE_COST_ROW	mpbp_48	28368	218338	16124058	0.019244	0.007466	1	0	1	0
STATE_GATE_COST_ROW	pooling_sppb5pq	18529	857699	213571545	0.053629	0.018272	1	0	1	0
STATE_GATE_COST_ROW	slay07m	497	1554	5740	0.000213	0.000078	1	0	1	0
STATE_GATE_COST_ROW	nvs19	24	124	884	0.000021	0.000006	1	0	1	0
STATE_GATE_COST_ROW	oil	3270	9956	34760	0.001730	0.000679	1	0	1	0
STATE_GATE_COST_ROW	squfl015-060	2775	8280	36400	0.001291	0.000484	1	0	1	0
STATE_GATE_COST_ROW	ndcc12persp	1112	10779	284793	0.000775	0.000267	1	0	1	0
STATE_GATE_COST_ROW	kissing2	20772	482006	156414018	0.032189	0.011970	1	0	1	0
STATE_GATE_COST_ROW	nuclear25a	1942	28193	1136191	0.002009	0.000739	1	0	1	0
STATE_GATE_COST_ROW	clay0204m	222	682	2330	0.000104	0.000037	1	0	1	0
STATE_GATE_COST_ROW	st_ph13	23	60	178	0.000013	0.000004	1	0	1	0
STATE_GATE_COST_ROW	edgecross10-030	1053	5536	100080	0.000620	0.000223	1	0	1	0
STATE_GATE_COST_ROW	chain200	601	2198	8182	0.000335	0.000123	1	0	1	0
STATE_GATE_COST_ROW	ex1223b	25	64	178	0.000015	0.000005	1	0	1	0
STATE_GATE_COST_ROW	slay09h	2718	8703	32385	0.001278	0.000513	1	0	1	0
STATE_GATE_COST_ROW	ndcc12	974	12112	329556	0.000811	0.000272	1	0	1	0
STATE_GATE_COST_ROW	kall_circlesrectangles_c6r39	1306	7868	74610	0.000750	0.000277	1	0	1	0
STATE_GATE_COST_ROW	squfl020-150	9170	27360	135020	0.004433	0.001809	1	0	1	0
STATE_GATE_COST_ROW	autocorr_bern40-30	43	810	20034	0.000087	0.000029	1	0	1	0
STATE_GATE_COST_ROW	slay08m	660	2068	7796	0.000286	0.000105	1	0	1	0
STATE_GATE_COST_ROW	chimera_mgw-c16-2031-01	2032	53436	2560646	0.002922	0.000963	1	0	1	0
STATE_GATE_COST_ROW	forest	713	2445	10543	0.000366	0.000135	1	0	1	0
STATE_GATE_COST_ROW	qspp_0_10_0_1_10_1	280	16660	1932414	0.001972	0.000712	1	0	1	0
STATE_GATE_COST_ROW	st_ph1	16	55	233	0.000010	0.000003	1	0	1	0
STATE_GATE_COST_ROW	elf	124	441	2173	0.000058	0.000020	1	0	1	0
STATE_GATE_COST_ROW	ex3_1_3	18	37	83	0.000009	0.000003	1	0	1	0
STATE_GATE_COST_ROW	cvxnonsep_normcon40r	162	323	645	0.000061	0.000023	1	0	1	0
STATE_GATE_COST_ROW	demo7	155	620	3426	0.000082	0.000028	1	0	1	0
STATE_GATE_COST_ROW	waternd2	615	4059	74817	0.000362	0.000129	1	0	1	0
STATE_GATE_COST_ROW	prolog	64	257	1225	0.000036	0.000012	1	0	1	0
STATE_GATE_COST_ROW	ex14_1_8	11	28	80	0.000009	0.000002	1	0	1	0
STATE_GATE_COST_ROW	faclay75	272878	3449330	3013800414	0.000000	0.000000	0	0	0	0
STATE_GATE_COST_ROW	st_qpk3	55	374	3762	0.000045	0.000016	1	0	1	0
STATE_GATE_COST_ROW	mpbp_34	11556	62428	891278	0.007079	0.002831	1	0	1	0
STATE_GATE_COST_ROW	cvxnonsep_normcon20r	82	163	325	0.000032	0.000011	1	0	1	0
STATE_GATE_COST_ROW	cvxnonsep_psig20r	86	171	341	0.000033	0.000012	1	0	1	0
STATE_GATE_COST_ROW	crudeoil_pooling_dt2	18742	174213	9947927	0.014966	0.005765	1	0	1	0
STATE_GATE_COST_ROW	rsyn0805m03m	2868	10111	54853	0.001563	0.000610	1	0	1	0
STATE_GATE_COST_ROW	st_iqpbk1	22	71	295	0.000014	0.000004	1	0	1	0
STATE_GATE_COST_ROW	waterund01	96	457	3317	0.000055	0.000018	1	0	1	0
STATE_GATE_COST_ROW	pointpack04	29	113	577	0.000017	0.000006	1	0	1	0
STATE_GATE_COST_ROW	st_e22	12	28	70	0.000012	0.000002	1	0	1	0
STATE_GATE_COST_ROW	faclay30	16678	116585	12850431	0.012019	0.004824	1	0	1	0
STATE_GATE_COST_ROW	arki0002	4432	27906	667374	0.002766	0.001110	1	0	1	0
STATE_GATE_COST_ROW	transswitch0300p	11659	51636	374416	0.008297	0.003269	1	0	1	0
STATE_GATE_COST_ROW	crudeoil_pooling_dt3	30660	471303	33883039	0.034658	0.012849	1	0	1	0
STATE_GATE_COST_ROW	gasprod_sarawak81	22536	110997	941231	0.013905	0.005933	1	0	1	0
STATE_GATE_COST_ROW	maxcsp-langford-3-11	660	72709	10360919	0.004023	0.001332	1	0	1	0
STATE_GATE_COST_ROW	p_ball_30b_5p_2d_h	1543	5370	25742	0.000749	0.000290	1	0	1	0
STATE_GATE_COST_ROW	ringpack_20_3	6709	40969	865627	0.004783	0.001861	1	0	1	0
STATE_GATE_COST_ROW	waste	4825	38413	1270649	0.003482	0.001357	1	0	1	0
STATE_GATE_COST_ROW	catmix400	2001	8396	36364	0.001166	0.000434	1	0	1	0
STATE_GATE_COST_ROW	rsyn0815m02hfsg	3054	9902	41384	0.001704	0.000671	1	0	1	0
STATE_GATE_COST_ROW	p_ball_10b_7p_3d_h	1236	4436	23744	0.000599	0.000224	1	0	1	0
STATE_GATE_COST_ROW	chimera_k64ising-02	1225	11742	371142	0.001097	0.000395	1	0	1	0
STATE_GATE_COST_ROW	batchs121208m	3404	13224	128816	0.001744	0.000682	1	0	1	0
STATE_GATE_COST_ROW	nvs02	11	36	142	0.000008	0.000003	1	0	1	0
STATE_GATE_COST_ROW	wastepaper6	191	1511	16611	0.000138	0.000047	1	0	1	0
STATE_GATE_COST_ROW	syn15hfsg	399	1106	3272	0.000180	0.000064	1	0	1	0
STATE_GATE_COST_ROW	st_jcbpaf2	36	199	1543	0.000026	0.000009	1	0	1	0
STATE_GATE_COST_ROW	camshape400	2000	5594	16768	0.000892	0.000348	1	0	1	0
STATE_GATE_COST_ROW	graphpart_clique-30	120	3027	91153	0.000211	0.000065	1	0	1	0
STATE_GATE_COST_ROW	graphpart_clique-70	280	15796	1144894	0.001053	0.000333	1	0	1	0
STATE_GATE_COST_ROW	smallinvDAXr1b010-011	39	599	13319	0.000065	0.000022	1	0	1	0
STATE_GATE_COST_ROW	nd_netgen-2000-3-4-b-a-ns_7	22074	64374	273394	0.012075	0.005041	1	0	1	0
STATE_GATE_COST_ROW	slay05m	240	745	2635	0.000106	0.000038	1	0	1	0
STATE_GATE_COST_ROW	chimera_selby-c16-01	2031	50246	2419538	0.002951	0.000968	1	0	1	0
STATE_GATE_COST_ROW	csched1	110	323	975	0.000054	0.000019	1	0	1	0
STATE_GATE_COST_ROW	watercontamination0303r	1310	20194	2171882	0.002112	0.000748	1	0	1	0
STATE_GATE_COST_ROW	ex9_2_4	15	41	117	0.000009	0.000003	1	0	1	0
STATE_GATE_COST_ROW	sssd15-04	163	497	1625	0.000075	0.000027	1	0	1	0
STATE_GATE_COST_ROW	autocorr_bern35-35fix	38	670	16214	0.000069	0.000023	1	0	1	0
STATE_GATE_COST_ROW	sfacloc2_4_90	1491	5335	28843	0.000758	0.000289	1	0	1	0
STATE_GATE_COST_ROW	cont6-qq	120395	3410086	581918900	0.000000	0.000000	0	0	0	0
STATE_GATE_COST_ROW	meanvar-orl400_05_e_7	5205	95007	21935811	0.009561	0.003487	1	0	1	0
STATE_GATE_COST_ROW	glider400	10017	54123	327461	0.006737	0.002813	1	0	1	0
STATE_GATE_COST_ROW	syn40m04m	4960	15219	63265	0.002676	0.001070	1	0	1	0
STATE_GATE_COST_ROW	ex2_1_3	31	73	189	0.000015	0.000005	1	0	1	0
STATE_GATE_COST_ROW	qapw	705	69878	12183146	0.005512	0.001934	1	0	1	0
STATE_GATE_COST_ROW	himmel11	14	48	198	0.000011	0.000003	1	0	1	0
STATE_GATE_COST_ROW	syn15m04m	1908	5853	25061	0.001002	0.000385	1	0	1	0
STATE_GATE_COST_ROW	pooling_rt2tp	118	708	5796	0.000078	0.000026	1	0	1	0
STATE_GATE_COST_ROW	waterund14	333	3330	72184	0.000264	0.000086	1	0	1	0
STATE_GATE_COST_ROW	crudeoil_lee4_10	17809	679883	176348241	0.077325	0.077518	4	4	1	1
STATE_GATE_COST_ROW	pooling_foulds4pq	1294	9768	138540	0.000915	0.000328	1	0	1	0
STATE_GATE_COST_ROW	edgecross14-156	3097	22658	1376964	0.002497	0.000969	1	0	1	0
STATE_GATE_COST_ROW	tspn08	72	602	7600	0.000060	0.000019	1	0	1	0
STATE_GATE_COST_ROW	crudeoil_li05	4225	25833	533531	0.002829	0.001065	1	0	1	0
STATE_GATE_COST_ROW	procurement1large	14416	108944	7372274	0.011642	0.004472	1	0	1	0
STATE_GATE_COST_ROW	blend721	1428	6157	66143	0.000787	0.000286	1	0	1	0
STATE_GATE_COST_ROW	chimera_selby-c16-02	2031	48833	2298651	0.002948	0.000979	1	0	1	0
STATE_GATE_COST_ROW	supplychainr1_053050	16640	77190	2173490	0.009393	0.003798	1	0	1	0
STATE_GATE_COST_ROW	sfacloc2_4_80	5067	17868	88884	0.003001	0.001190	1	0	1	0
STATE_GATE_COST_ROW	st_e24	10	23	57	0.000007	0.000002	1	0	1	0
STATE_GATE_COST_ROW	edgecross10-040	1053	6034	143518	0.000661	0.000238	1	0	1	0
STATE_GATE_COST_ROW	sonet21v6	8232	40593	1585871	0.005188	0.002029	1	0	1	0
STATE_GATE_COST_ROW	squfl010-080	2490	7335	27665	0.001144	0.000448	1	0	1	0
STATE_GATE_COST_ROW	genpooling_lee2	221	1302	14028	0.000137	0.000045	1	0	1	0
STATE_GATE_COST_ROW	popdynm25	2807	22528	286812	0.002271	0.000831	1	0	1	0
STATE_GATE_COST_ROW	chp_partload	5211	28196	373134	0.004386	0.001657	1	0	1	0
STATE_GATE_COST_ROW	qspp_0_14_0_1_10_1	560	67194	16038266	0.007387	0.003002	1	0	1	0
STATE_GATE_COST_ROW	st_glmp_ss1	24	60	160	0.000013	0.000004	1	0	1	0
STATE_GATE_COST_ROW	torsion50	2508	42300	1119054	0.003049	0.001065	1	0	1	0
STATE_GATE_COST_ROW	st_rv2	40	255	2045	0.000031	0.000010	1	0	1	0
STATE_GATE_COST_ROW	emfl100_3_3	6885	18972	55506	0.003356	0.001366	1	0	1	0
STATE_GATE_COST_ROW	pedigree_sim400	351	12124	1183168	0.001216	0.000430	1	0	1	0
STATE_GATE_COST_ROW	polygon75	5846	30672	1171822	0.004308	0.001652	1	0	1	0
STATE_GATE_COST_ROW	gabriel10	244056	4735821	1267760679	0.000000	0.000000	0	0	0	0
STATE_GATE_COST_ROW	fo9_ar25_1	1049	4747	38237	0.000569	0.000214	1	0	1	0
STATE_GATE_COST_ROW	rsyn0840m	1159	3316	10602	0.000581	0.000223	1	0	1	0
STATE_GATE_COST_ROW	gancns	548	4041	58861	0.000420	0.000140	1	0	1	0
STATE_GATE_COST_ROW	o9_ar4_1	1049	4747	38237	0.000568	0.000210	1	0	1	0
STATE_GATE_COST_ROW	ex1265a	123	588	3750	0.000072	0.000024	1	0	1	0
STATE_GATE_COST_ROW	ex9_2_6	28	70	190	0.000015	0.000005	1	0	1	0
STATE_GATE_COST_ROW	qspp_0_13_0_1_10_1	481	49486	10097446	0.005410	0.002156	1	0	1	0
STATE_GATE_COST_ROW	slay04m	146	450	1554	0.000064	0.000023	1	0	1	0
STATE_GATE_COST_ROW	st_e25	20	66	262	0.000013	0.000004	1	0	1	0
STATE_GATE_COST_ROW	ex8_4_1	32	83	225	0.000016	0.000005	1	0	1	0
STATE_GATE_COST_ROW	st_e07	19	59	199	0.000011	0.000004	1	0	1	0
STATE_GATE_COST_ROW	ex1225	26	63	161	0.000013	0.000004	1	0	1	0
STATE_GATE_COST_ROW	ndcc13	969	12325	324727	0.000785	0.000265	1	0	1	0
STATE_GATE_COST_ROW	syn10m04m	1224	3639	13473	0.000582	0.000215	1	0	1	0
STATE_GATE_COST_ROW	ex5_2_4	18	55	193	0.000011	0.000003	1	0	1	0
STATE_GATE_COST_ROW	st_m2	72	895	16331	0.000087	0.000030	1	0	1	0
STATE_GATE_COST_ROW	st_bpk1	16	40	108	0.000009	0.000003	1	0	1	0
STATE_GATE_COST_ROW	multiplants_stg1	736	6926	155496	0.000590	0.000212	1	0	1	0
STATE_GATE_COST_ROW	powerflow0300p	11251	45418	292256	0.008273	0.003211	1	0	1	0
STATE_GATE_COST_ROW	nd_netgen-3000-1-1-b-b-ns_7	33155	101542	885186	0.018686	0.008058	1	0	1	0
STATE_GATE_COST_ROW	sonet23v4	803	6246	94348	0.000645	0.000229	1	0	1	0
STATE_GATE_COST_ROW	pooling_sppa0pq	1649	31968	1214182	0.002214	0.000776	1	0	1	0
STATE_GATE_COST_ROW	multiplants_mtg1b	645	6901	152043	0.000550	0.000186	1	0	1	0
STATE_GATE_COST_ROW	sssd18-08persp	338	1142	4654	0.000163	0.000060	1	0	1	0
STATE_GATE_COST_ROW	ex9_1_2	19	57	179	0.000012	0.000004	1	0	1	0
STATE_GATE_COST_ROW	crudeoil_lee1_07	3670	52882	3506452	0.003890	0.001325	1	0	1	0
STATE_GATE_COST_ROW	pooling_haverly1tp	31	105	403	0.000017	0.000006	1	0	1	0
STATE_GATE_COST_ROW	waterund08	230	1770	30110	0.000153	0.000052	1	0	1	0
STATE_GATE_COST_ROW	kall_diffcircles_6	76	281	1511	0.000041	0.000014	1	0	1	0
STATE_GATE_COST_ROW	chimera_mgw-c8-439-onc8-001	440	5060	80090	0.000387	0.000128	1	0	1	0
STATE_GATE_COST_ROW	waterund11	160	989	10705	0.000106	0.000035	1	0	1	0
STATE_GATE_COST_ROW	chp_shorttermplan2d	16364	81473	1997381	0.011318	0.004466	1	0	1	0
STATE_GATE_COST_ROW	sporttournament18	156	1328	13608	0.000115	0.000036	1	0	1	0
STATE_GATE_COST_ROW	cvxnonsep_psig30	30	465	9455	0.000048	0.000016	1	0	1	0
STATE_GATE_COST_ROW	ringpack_20_2	6089	36329	707413	0.004416	0.001708	1	0	1	0
STATE_GATE_COST_ROW	blend718	1386	5842	61466	0.000766	0.000295	1	0	1	0
STATE_GATE_COST_ROW	wastepaper4	115	807	7183	0.000078	0.000026	1	0	1	0
STATE_GATE_COST_ROW	squfl010-040persp	2450	6895	22825	0.001132	0.000450	1	0	1	0
STATE_GATE_COST_ROW	crudeoil_lee4_06	10429	233773	32474991	0.034410	0.034320	4	4	1	1
STATE_GATE_COST_ROW	netmod_kar1	1746	6364	43864	0.000898	0.000329	1	0	1	0
STATE_GATE_COST_ROW	ex8_1_7	14	40	128	0.000018	0.000003	1	0	1	0
STATE_GATE_COST_ROW	graphpart_3g-0333-0333	108	1594	36228	0.000106	0.000029	1	0	1	0
STATE_GATE_COST_ROW	slay05h	760	2425	8795	0.000344	0.000127	1	0	1	0
STATE_GATE_COST_ROW	korcns	156	887	6599	0.000099	0.000032	1	0	1	0
STATE_GATE_COST_ROW	powerflow0118p	5065	20045	117327	0.003211	0.001272	1	0	1	0
STATE_GATE_COST_ROW	sfacloc2_3_80	4799	16813	81119	0.002791	0.001082	1	0	1	0
STATE_GATE_COST_ROW	rsyn0820m04m	6028	21916	152980	0.003602	0.001415	1	0	1	0
STATE_GATE_COST_ROW	hydroenergy1	1046	3435	14089	0.000499	0.000198	1	0	1	0
STATE_GATE_COST_ROW	maxmin	181	925	8405	0.000126	0.000046	1	0	1	0
STATE_GATE_COST_ROW	st_ht	8	18	44	0.000006	0.000002	1	0	1	0
STATE_GATE_COST_ROW	crudeoil_lee2_06	6418	133378	16066186	0.008632	0.003094	1	0	1	0
STATE_GATE_COST_ROW	kan_r3_h1_n4	3183	15597	98715	0.001908	0.000763	1	0	1	0
STATE_GATE_COST_ROW	primary	378	3428	95258	0.000421	0.000148	1	0	1	0
STATE_GATE_COST_ROW	syn10m03hfsg	1071	3040	9812	0.000547	0.000197	1	0	1	0
STATE_GATE_COST_ROW	wastewater02m1	36	156	790	0.000021	0.000007	1	0	1	0
STATE_GATE_COST_ROW	supplychainr1_022020	4620	20540	273100	0.002479	0.000979	1	0	1	0
STATE_GATE_COST_ROW	squfl025-025persp	3800	10975	49925	0.001889	0.000778	1	0	1	0
STATE_GATE_COST_ROW	ringpack_30_2	17999	108470	2873684	0.013717	0.005388	1	0	1	0
STATE_GATE_COST_ROW	nuclear104	39098	523276	78321564	0.037981	0.013997	1	0	1	0
STATE_GATE_COST_ROW	chp_shorttermplan1a	4952	22589	299825	0.003126	0.001202	1	0	1	0
STATE_GATE_COST_ROW	rocket50	555	3185	19265	0.000369	0.000133	1	0	1	0
STATE_GATE_COST_ROW	rsyn0840m04m	8508	29560	185120	0.005403	0.002034	1	0	1	0
STATE_GATE_COST_ROW	mpbp_21	11716	65805	1456963	0.007046	0.002814	1	0	1	0
STATE_GATE_COST_ROW	orth_d4m6_pl	172	1019	10703	0.000114	0.000039	1	0	1	0
STATE_GATE_COST_ROW	kall_circlespolygons_c1p5b	1681	11831	193841	0.001104	0.000400	1	0	1	0
STATE_GATE_COST_ROW	acopf_case9241pegase_qcqp	313068	1988065	33736789	0.000000	0.000000	0	0	0	0
STATE_GATE_COST_ROW	ex1223	33	86	244	0.000017	0.000005	1	0	1	0
STATE_GATE_COST_ROW	ex6_1_4	10	37	153	0.000008	0.000003	1	0	1	0
STATE_GATE_COST_ROW	powerflow0014r	403	1783	10361	0.000232	0.000083	1	0	1	0
STATE_GATE_COST_ROW	knp5-43	2065	36336	3517788	0.002555	0.000955	1	0	1	0
STATE_GATE_COST_ROW	gabriel09	21688	228634	26366112	0.016881	0.006601	1	0	1	0
STATE_GATE_COST_ROW	tln2	32	83	233	0.000017	0.000005	1	0	1	0
STATE_GATE_COST_ROW	prob02	22	66	232	0.000013	0.000004	1	0	1	0
STATE_GATE_COST_ROW	blend146	1422	6042	64296	0.000766	0.000279	1	0	1	0
STATE_GATE_COST_ROW	mpbp_46	4518	24571	447603	0.002711	0.001022	1	0	1	0
STATE_GATE_COST_ROW	tls6	413	2429	17511	0.000278	0.000098	1	0	1	0
STATE_GATE_COST_ROW	emfl100_5_5	21925	62300	221650	0.011703	0.004869	1	0	1	0
STATE_GATE_COST_ROW	qspp_0_11_0_1_10_1	341	24763	3531915	0.002911	0.001113	1	0	1	0
STATE_GATE_COST_ROW	p_ball_10b_5p_4d_m	403	1736	13288	0.000199	0.000070	1	0	1	0
STATE_GATE_COST_ROW	st_rv9	90	679	6321	0.000072	0.000025	1	0	1	0
STATE_GATE_COST_ROW	rsyn0840m02m	3486	10989	44981	0.001907	0.000749	1	0	1	0
STATE_GATE_COST_ROW	nvs05	22	72	266	0.000014	0.000004	1	0	1	0
STATE_GATE_COST_ROW	autocorr_bern25-19	28	334	5278	0.000038	0.000012	1	0	1	0
STATE_GATE_COST_ROW	sssd20-08persp	356	1208	4960	0.000170	0.000062	1	0	1	0
STATE_GATE_COST_ROW	multiplants_stg5	827	7440	155722	0.000630	0.000225	1	0	1	0
STATE_GATE_COST_ROW	chimera_rfr-02	2032	51728	2487302	0.003339	0.001070	1	0	1	0
STATE_GATE_COST_ROW	multiplants_stg1a	726	6211	121443	0.000535	0.000187	1	0	1	0
STATE_GATE_COST_ROW	pooling_adhya4pq	170	1362	16556	0.000115	0.000038	1	0	1	0
STATE_GATE_COST_ROW	nuclear10a	17493	365737	55749125	0.021445	0.007755	1	0	1	0
STATE_GATE_COST_ROW	sonet24v5	874	7010	110276	0.000704	0.000248	1	0	1	0
STATE_GATE_COST_ROW	transswitch2736spr	69651	439563	7281507	0.000000	0.000000	0	0	0	0
STATE_GATE_COST_ROW	chp_shorttermplan2a	8992	38330	575282	0.005058	0.002030	1	0	1	0
STATE_GATE_COST_ROW	catmix200	1001	4196	18164	0.000564	0.000212	1	0	1	0
STATE_GATE_COST_ROW	nvs23	27	153	1221	0.000023	0.000008	1	0	1	0
STATE_GATE_COST_ROW	oaer	20	45	107	0.000011	0.000003	1	0	1	0
STATE_GATE_COST_ROW	hybriddynamic_fixed	168	421	1103	0.000077	0.000027	1	0	1	0
STATE_GATE_COST_ROW	edgecross24-115	16747	160407	27626301	0.013583	0.005382	1	0	1	0
STATE_GATE_COST_ROW	space25	1178	4186	22528	0.000609	0.000226	1	0	1	0
STATE_GATE_COST_ROW	methanol400	23999	186271	1864047	0.018199	0.007440	1	0	1	0
STATE_GATE_COST_ROW	pooling_foulds5tp	1218	9811	171941	0.000872	0.000308	1	0	1	0
STATE_GATE_COST_ROW	pooling_sppa9tp	5040	158869	16877457	0.010064	0.003471	1	0	1	0
STATE_GATE_COST_ROW	st_miqp2	10	19	37	0.000006	0.000002	1	0	1	0
STATE_GATE_COST_ROW	autocorr_bern30-23	33	472	8940	0.000051	0.000017	1	0	1	0
STATE_GATE_COST_ROW	mpbp_15	9858	55898	1167920	0.006342	0.002410	1	0	1	0
STATE_GATE_COST_ROW	cvxnonsep_psig30r	126	251	501	0.000048	0.000017	1	0	1	0
STATE_GATE_COST_ROW	rsyn0830hfsg	1590	4687	15383	0.000830	0.000327	1	0	1	0
STATE_GATE_COST_ROW	crudeoil_pooling_ct1	1271	7323	93863	0.000797	0.000286	1	0	1	0
STATE_GATE_COST_ROW	multiplants_stg1c	800	6946	143020	0.000575	0.000193	1	0	1	0
STATE_GATE_COST_ROW	st_pan1	11	30	94	0.000008	0.000002	1	0	1	0
STATE_GATE_COST_ROW	multiplants_stg1b	814	7725	187593	0.000644	0.000215	1	0	1	0
STATE_GATE_COST_ROW	methanol200	11999	92103	905945	0.009208	0.003662	1	0	1	0
STATE_GATE_COST_ROW	faclay35	26778	204090	32021838	0.019393	0.007923	1	0	1	0
STATE_GATE_COST_ROW	emfl050_5_5	13175	38550	155400	0.006744	0.002859	1	0	1	0
STATE_GATE_COST_ROW	transswitch2383wpr	59853	332327	3861509	0.000000	0.000000	0	0	0	0
STATE_GATE_COST_ROW	chimera_lga-01	1120	15989	497101	0.001320	0.000453	1	0	1	0
STATE_GATE_COST_ROW	gasprod_sarawak16	4596	22604	196064	0.003016	0.001165	1	0	1	0
STATE_GATE_COST_ROW	crudeoil_lee4_09	15904	556476	129101152	0.064508	0.064210	4	4	1	1
STATE_GATE_COST_ROW	arki0013	44909	683350	150283404	0.120891	0.119519	4	4	1	1
STATE_GATE_COST_ROW	st_m1	42	313	3097	0.000037	0.000012	1	0	1	0
STATE_GATE_COST_ROW	mpbp_47	5310	30546	652248	0.003123	0.001200	1	0	1	0
STATE_GATE_COST_ROW	rsyn0815m	821	2365	7745	0.000397	0.000161	1	0	1	0
STATE_GATE_COST_ROW	arki0016	7993	47534	835794	0.005615	0.002217	1	0	1	0
STATE_GATE_COST_ROW	st_glmp_ss2	18	45	121	0.000011	0.000003	1	0	1	0
STATE_GATE_COST_ROW	rsyn0810m02hfsg	2670	8593	34753	0.001388	0.000540	1	0	1	0
STATE_GATE_COST_ROW	pointpack06	55	241	1497	0.000034	0.000011	1	0	1	0
STATE_GATE_COST_ROW	syn40m04hfsg	6328	18919	73685	0.003316	0.001353	1	0	1	0
STATE_GATE_COST_ROW	clay0304m	258	798	2742	0.000123	0.000044	1	0	1	0
STATE_GATE_COST_ROW	pooling_foulds5pq	1218	9583	159641	0.000899	0.000319	1	0	1	0
STATE_GATE_COST_ROW	clay0305hfsg	1000	3160	11240	0.000476	0.000177	1	0	1	0
STATE_GATE_COST_ROW	st_test8	64	316	1964	0.000036	0.000012	1	0	1	0
STATE_GATE_COST_ROW	gams05	17364	3290984	3259322396	0.000000	0.000000	0	0	0	0
STATE_GATE_COST_ROW	sporttournament08	31	154	862	0.000020	0.000006	1	0	1	0
STATE_GATE_COST_ROW	powerflow0030p	1121	4378	23642	0.000624	0.000228	1	0	1	0
STATE_GATE_COST_ROW	popdynm200	22407	185076	2436150	0.016739	0.006559	1	0	1	0
STATE_GATE_COST_ROW	mpbp_35	11120	63231	975441	0.007244	0.002792	1	0	1	0
STATE_GATE_COST_ROW	syn30m02m	1492	4221	13455	0.000765	0.000298	1	0	1	0
STATE_GATE_COST_ROW	wastewater13m1	481	3560	60068	0.000332	0.000131	1	0	1	0
STATE_GATE_COST_ROW	syn40hfsg	1022	2807	8155	0.000483	0.000178	1	0	1	0
STATE_GATE_COST_ROW	sep1	69	249	1047	0.000036	0.000012	1	0	1	0
STATE_GATE_COST_ROW	syn30m03m	2508	7404	26552	0.001256	0.000504	1	0	1	0
STATE_GATE_COST_ROW	st_qpc-m3a	30	182	1574	0.000026	0.000009	1	0	1	0
STATE_GATE_COST_ROW	crudeoil_pooling_ct3	2644	26609	866197	0.002463	0.000846	1	0	1	0
STATE_GATE_COST_ROW	space25a	634	3349	27875	0.000408	0.000143	1	0	1	0
STATE_GATE_COST_ROW	autocorr_bern20-15	23	220	2784	0.000027	0.000009	1	0	1	0
STATE_GATE_COST_ROW	ex7_2_1	35	103	341	0.000019	0.000006	1	0	1	0
STATE_GATE_COST_ROW	hydroenergy2	2092	8284	56014	0.001108	0.000424	1	0	1	0
STATE_GATE_COST_ROW	pooling_digabel19	514	8765	274903	0.000657	0.000210	1	0	1	0
STATE_GATE_COST_ROW	clay0203m	132	402	1348	0.000064	0.000022	1	0	1	0
STATE_GATE_COST_ROW	squfl030-150	13680	41115	252605	0.006848	0.002790	1	0	1	0
