tag	matrix	n	input_nnz	amd_flops	base_flops	base_factor_nnz	selected_flops	seconds	accepted_state_flags
SELECTED_ORIGINAL_ROW	slay06m	357	1080	4025	4025	1113	4025	0.000000	0
SELECTED_ORIGINAL_ROW	sssd25-08	401	1200	5389	5389	1325	5389	0.000000	0
SELECTED_ORIGINAL_ROW	rsyn0810m04m	4772	13836	147553	113250	17270	113250	0.000000	0
SELECTED_ORIGINAL_ROW	pooling_sppc3pq	23173	893724	1153877333	325595394	1305528	325595394	0.000000	0
SELECTED_ORIGINAL_ROW	sporttournament48	1131	6676	919582	594138	20480	594138	0.000000	0
SELECTED_ORIGINAL_ROW	pooling_sppa9pq	5030	120730	23971280	15130622	152488	15130622	0.000000	0
SELECTED_ORIGINAL_ROW	edgecross10-090	1053	5204	126115	103179	5545	103179	0.000000	0
SELECTED_ORIGINAL_ROW	maxcsp-ehi-85-297-71	2372	207996	1381768944	1110971341	1294981	1110971341	0.000000	0
SELECTED_ORIGINAL_ROW	st_bpaf1a	30	120	623	580	120	580	0.000000	0
SELECTED_ORIGINAL_ROW	risk2bpb	1462	5396	118471	66041	6655	66041	0.000000	0
SELECTED_ORIGINAL_ROW	qap	255	43748	3802533	3650113	25541	3650113	0.000000	0
SELECTED_ORIGINAL_ROW	rsyn0830m04m	7252	20752	212130	171656	25678	171656	0.000000	0
SELECTED_ORIGINAL_ROW	lop97icx	1073	2118	79286	64044	3950	64044	0.000000	0
SELECTED_ORIGINAL_ROW	chain400	1201	4796	16382	16382	4398	16382	0.000000	0
SELECTED_ORIGINAL_ROW	mpbp_07	9532	30810	1368477	1248947	55603	1248947	0.000000	0
SELECTED_ORIGINAL_ROW	sonetgr17	440	2958	37814	30971	2807	30971	0.000000	0
SELECTED_ORIGINAL_ROW	p_ball_30b_7p_2d_h	2207	7516	42456	42319	7771	42319	0.000000	0
SELECTED_ORIGINAL_ROW	pinene200	19995	97990	1358716	1134463	133427	1134463	0.000000	0
SELECTED_ORIGINAL_ROW	unitcommit_200_100_1_mod_8	146830	476332	3053940	2981835	498723	2981835	0.000000	0
SELECTED_ORIGINAL_ROW	ex8_3_9	123	834	15050	11503	1019	11503	0.000000	0
SELECTED_ORIGINAL_ROW	rsyn0820m02m	2486	6932	38190	35631	8131	35631	0.000000	0
SELECTED_ORIGINAL_ROW	p_ball_10b_5p_2d_m	293	964	6648	6547	1135	6547	0.000000	0
SELECTED_ORIGINAL_ROW	pooling_adhya4tp	170	936	26842	20581	1459	20581	0.000000	0
SELECTED_ORIGINAL_ROW	squfl015-080persp	7295	21600	74520	74520	20600	74520	0.000000	0
SELECTED_ORIGINAL_ROW	edgecross10-080	1053	5940	170814	164639	6247	164639	0.000000	0
SELECTED_ORIGINAL_ROW	clay0204hfsg	590	1696	7198	6562	1858	6562	0.000000	0
SELECTED_ORIGINAL_ROW	st_bsj2	13	40	143	114	36	114	0.000000	0
SELECTED_ORIGINAL_ROW	chimera_mgw-c8-439-onc8-002	440	3038	97870	86464	5210	86464	0.000000	0
SELECTED_ORIGINAL_ROW	batchs201210m	5188	17910	349298	303381	21409	303381	0.000000	0
SELECTED_ORIGINAL_ROW	rsyn0815m04m	5456	15756	184352	143458	20102	143458	0.000000	0
SELECTED_ORIGINAL_ROW	syn40m	560	1528	5007	4829	1585	4829	0.000000	0
SELECTED_ORIGINAL_ROW	knp5-44	2157	32604	3764003	3764003	38039	3764003	0.000000	0
SELECTED_ORIGINAL_ROW	ex1263a	94	390	2098	2098	392	2098	0.000000	0
SELECTED_ORIGINAL_ROW	st_e41	8	32	88	88	24	88	0.000000	0
SELECTED_ORIGINAL_ROW	squfl025-030	2305	6000	42305	42305	7105	42305	0.000000	0
SELECTED_ORIGINAL_ROW	wastewater05m1	98	536	11690	8036	722	8036	0.000000	0
SELECTED_ORIGINAL_ROW	cvxnonsep_psig20	20	380	2870	2870	210	2870	0.000000	0
SELECTED_ORIGINAL_ROW	meanvar-orl400_05_e_8	4405	171604	21923414	21922611	91407	21922611	0.000000	0
SELECTED_ORIGINAL_ROW	st_e31	301	744	4534	4257	983	4257	0.000000	0
SELECTED_ORIGINAL_ROW	pooling_sppc1pq	14100	477680	812210652	131443992	755948	131443992	0.000000	3
SELECTED_ORIGINAL_ROW	pooling_haverly1pq	31	96	412	403	105	403	0.000000	0
SELECTED_ORIGINAL_ROW	graphpart_3g-0244-0244	128	672	33446	32534	1608	32534	0.000000	0
SELECTED_ORIGINAL_ROW	graphpart_clique-20	80	1260	34885	27856	1384	27856	0.000000	0
SELECTED_ORIGINAL_ROW	mpbp_48	28368	91016	33835023	16124058	218338	16124058	0.007628	1
SELECTED_ORIGINAL_ROW	pooling_sppb5pq	18529	674470	523815053	213571545	857699	213571545	0.000000	0
SELECTED_ORIGINAL_ROW	slay07m	497	1512	5740	5740	1554	5740	0.000000	0
SELECTED_ORIGINAL_ROW	nvs19	24	200	1353	884	124	884	0.000000	0
SELECTED_ORIGINAL_ROW	oil	3270	8430	36313	34760	9956	34760	0.000000	0
SELECTED_ORIGINAL_ROW	squfl015-060	2775	7200	36400	36400	8280	36400	0.000000	0
SELECTED_ORIGINAL_ROW	ndcc12persp	1112	5522	299115	284793	10779	284793	0.000000	0
SELECTED_ORIGINAL_ROW	kissing2	20772	401024	156414018	156414018	482006	156414018	0.000000	0
SELECTED_ORIGINAL_ROW	nuclear25a	1942	16030	1977163	1136191	28193	1136191	0.000000	0
SELECTED_ORIGINAL_ROW	clay0204m	222	704	2330	2330	682	2330	0.000000	0
SELECTED_ORIGINAL_ROW	st_ph13	23	68	207	178	60	178	0.000000	0
SELECTED_ORIGINAL_ROW	edgecross10-030	1053	4654	135854	100080	5536	100080	0.000000	0
SELECTED_ORIGINAL_ROW	chain200	601	2396	8182	8182	2198	8182	0.000000	0
SELECTED_ORIGINAL_ROW	ex1223b	25	66	178	178	64	178	0.000000	0
SELECTED_ORIGINAL_ROW	slay09h	2718	7488	36057	32385	8703	32385	0.000000	0
SELECTED_ORIGINAL_ROW	ndcc12	974	5982	345696	329556	12112	329556	0.000000	0
SELECTED_ORIGINAL_ROW	kall_circlesrectangles_c6r39	1306	5378	75744	74610	7868	74610	0.000000	0
SELECTED_ORIGINAL_ROW	squfl020-150	9170	24000	135020	135020	27360	135020	0.000000	0
SELECTED_ORIGINAL_ROW	autocorr_bern40-30	43	1534	20034	20034	810	20034	0.000000	0
SELECTED_ORIGINAL_ROW	slay08m	660	2016	7796	7796	2068	7796	0.000000	0
SELECTED_ORIGINAL_ROW	chimera_mgw-c16-2031-01	2032	15900	3328073	2560646	53436	2560646	0.001140	1
SELECTED_ORIGINAL_ROW	forest	713	2658	10614	10543	2445	10543	0.000000	0
SELECTED_ORIGINAL_ROW	qspp_0_10_0_1_10_1	280	29636	1942907	1932414	16660	1932414	0.000000	0
SELECTED_ORIGINAL_ROW	st_ph1	16	58	274	233	55	233	0.000000	0
SELECTED_ORIGINAL_ROW	elf	124	376	2733	2173	441	2173	0.000000	0
SELECTED_ORIGINAL_ROW	ex3_1_3	18	36	90	83	37	83	0.000000	0
SELECTED_ORIGINAL_ROW	cvxnonsep_normcon40r	162	322	645	645	323	645	0.000000	0
SELECTED_ORIGINAL_ROW	demo7	155	618	3579	3426	620	3426	0.000000	0
SELECTED_ORIGINAL_ROW	waternd2	615	2580	155674	74817	4059	74817	0.000000	0
SELECTED_ORIGINAL_ROW	prolog	64	292	1245	1225	257	1225	0.000000	0
SELECTED_ORIGINAL_ROW	ex14_1_8	11	30	80	80	28	80	0.000000	0
SELECTED_ORIGINAL_ROW	faclay75	272878	1379706	3204527350	3013800414	3449330	3013800414	0.000000	0
SELECTED_ORIGINAL_ROW	st_qpk3	55	548	5467	3762	374	3762	0.000000	0
SELECTED_ORIGINAL_ROW	mpbp_34	11556	40860	3093917	891278	62428	891278	0.000000	0
SELECTED_ORIGINAL_ROW	cvxnonsep_normcon20r	82	162	325	325	163	325	0.000000	0
SELECTED_ORIGINAL_ROW	cvxnonsep_psig20r	86	170	341	341	171	341	0.000000	0
SELECTED_ORIGINAL_ROW	crudeoil_pooling_dt2	18742	75910	14985540	9947927	174213	9947927	0.006085	1
SELECTED_ORIGINAL_ROW	rsyn0805m03m	2868	8270	60979	54853	10111	54853	0.000000	0
SELECTED_ORIGINAL_ROW	st_iqpbk1	22	98	295	295	71	295	0.000000	0
SELECTED_ORIGINAL_ROW	waterund01	96	404	4546	3317	457	3317	0.000000	0
SELECTED_ORIGINAL_ROW	pointpack04	29	120	577	577	113	577	0.000000	0
SELECTED_ORIGINAL_ROW	st_e22	12	30	77	70	28	70	0.000000	0
SELECTED_ORIGINAL_ROW	faclay30	16678	82242	13452923	12850431	116585	12850431	0.000000	0
SELECTED_ORIGINAL_ROW	arki0002	4432	11248	683476	667374	27906	667374	0.000000	0
SELECTED_ORIGINAL_ROW	transswitch0300p	11659	48446	404940	374416	51636	374416	0.000000	0
SELECTED_ORIGINAL_ROW	crudeoil_pooling_dt3	30660	152210	48975085	33883039	471303	33883039	0.013723	1
SELECTED_ORIGINAL_ROW	gasprod_sarawak81	22536	75636	1030380	941231	110997	941231	0.000000	0
SELECTED_ORIGINAL_ROW	maxcsp-langford-3-11	660	29646	33444033	10360919	72709	10360919	0.000000	0
SELECTED_ORIGINAL_ROW	p_ball_30b_5p_2d_h	1543	5224	25843	25742	5370	25742	0.000000	0
SELECTED_ORIGINAL_ROW	ringpack_20_3	6709	45220	2415136	865627	40969	865627	0.000000	0
SELECTED_ORIGINAL_ROW	waste	4825	21504	1468261	1270649	38413	1270649	0.000000	0
SELECTED_ORIGINAL_ROW	catmix400	2001	11192	36373	36364	8396	36364	0.000000	0
SELECTED_ORIGINAL_ROW	rsyn0815m02hfsg	3054	7968	44604	41384	9902	41384	0.000000	0
SELECTED_ORIGINAL_ROW	p_ball_10b_7p_3d_h	1236	4186	24380	23744	4436	23744	0.000000	0
SELECTED_ORIGINAL_ROW	chimera_k64ising-02	1225	3846	613390	371142	11742	371142	0.000000	0
SELECTED_ORIGINAL_ROW	batchs121208m	3404	11462	138030	128816	13224	128816	0.000000	0
SELECTED_ORIGINAL_ROW	nvs02	11	46	142	142	36	142	0.000000	0
SELECTED_ORIGINAL_ROW	wastepaper6	191	1416	16611	16611	1511	16611	0.000000	0
SELECTED_ORIGINAL_ROW	syn15hfsg	399	1022	3300	3272	1106	3272	0.000000	0
SELECTED_ORIGINAL_ROW	st_jcbpaf2	36	246	1635	1543	199	1543	0.000000	0
SELECTED_ORIGINAL_ROW	camshape400	2000	7188	16768	16768	5594	16768	0.000000	0
SELECTED_ORIGINAL_ROW	graphpart_clique-30	120	2790	114505	91153	3027	91153	0.000000	0
SELECTED_ORIGINAL_ROW	graphpart_clique-70	280	14910	1413012	1144894	15796	1144894	0.000000	0
SELECTED_ORIGINAL_ROW	smallinvDAXr1b010-011	39	1120	13510	13319	599	13319	0.000000	0
SELECTED_ORIGINAL_ROW	nd_netgen-2000-3-4-b-a-ns_7	22074	60000	289420	273394	64374	273394	0.000000	0
SELECTED_ORIGINAL_ROW	slay05m	240	720	2635	2635	745	2635	0.000000	0
SELECTED_ORIGINAL_ROW	chimera_selby-c16-01	2031	10964	3605628	2419538	50246	2419538	0.000000	0
SELECTED_ORIGINAL_ROW	csched1	110	376	975	975	323	975	0.000000	0
SELECTED_ORIGINAL_ROW	watercontamination0303r	1310	37028	2171882	2171882	20194	2171882	0.000000	0
SELECTED_ORIGINAL_ROW	ex9_2_4	15	36	117	117	41	117	0.000000	0
SELECTED_ORIGINAL_ROW	sssd15-04	163	440	1625	1625	497	1625	0.000000	0
SELECTED_ORIGINAL_ROW	autocorr_bern35-35fix	38	1264	16214	16214	670	16214	0.000000	0
SELECTED_ORIGINAL_ROW	sfacloc2_4_90	1491	4500	31682	28843	5335	28843	0.000000	0
SELECTED_ORIGINAL_ROW	cont6-qq	120395	557994	835894090	581918900	3410086	581918900	0.000000	0
SELECTED_ORIGINAL_ROW	meanvar-orl400_05_e_7	5205	174804	21939414	21935811	95007	21935811	0.000000	0
SELECTED_ORIGINAL_ROW	glider400	10017	49624	373018	327461	54123	327461	0.000000	0
SELECTED_ORIGINAL_ROW	syn40m04m	4960	13792	65982	63265	15219	63265	0.000000	0
SELECTED_ORIGINAL_ROW	ex2_1_3	31	72	189	189	73	189	0.000000	0
SELECTED_ORIGINAL_ROW	qapw	705	87496	12183146	12183146	69878	12183146	0.000000	0
SELECTED_ORIGINAL_ROW	himmel11	14	60	198	198	48	198	0.000000	0
SELECTED_ORIGINAL_ROW	syn15m04m	1908	5288	26094	25061	5853	25061	0.000000	0
SELECTED_ORIGINAL_ROW	pooling_rt2tp	118	654	5876	5796	708	5796	0.000000	0
SELECTED_ORIGINAL_ROW	waterund14	333	2204	200484	72184	3330	72184	0.000000	0
SELECTED_ORIGINAL_ROW	crudeoil_lee4_10	17809	120632	294531623	176348241	679883	174752490	0.035314	3
SELECTED_ORIGINAL_ROW	pooling_foulds4pq	1294	8302	138692	138540	9768	138540	0.000000	0
SELECTED_ORIGINAL_ROW	edgecross14-156	3097	19664	1487933	1376964	22658	1376964	0.000000	0
SELECTED_ORIGINAL_ROW	tspn08	72	668	11074	7600	602	7600	0.000000	0
SELECTED_ORIGINAL_ROW	crudeoil_li05	4225	14628	680022	533531	25833	533531	0.000000	0
SELECTED_ORIGINAL_ROW	procurement1large	14416	41068	13858240	7372274	108944	7372274	0.004629	3
SELECTED_ORIGINAL_ROW	blend721	1428	4548	77560	66143	6157	66143	0.000000	0
SELECTED_ORIGINAL_ROW	chimera_selby-c16-02	2031	10878	4280329	2298651	48833	2298651	0.000000	0
SELECTED_ORIGINAL_ROW	supplychainr1_053050	16640	57800	2173490	2173490	77190	2173490	0.000000	0
SELECTED_ORIGINAL_ROW	sfacloc2_4_80	5067	21424	93048	88884	17868	88884	0.000000	0
SELECTED_ORIGINAL_ROW	st_e24	10	26	64	57	23	57	0.000000	0
SELECTED_ORIGINAL_ROW	edgecross10-040	1053	5116	161851	143518	6034	143518	0.000000	0
SELECTED_ORIGINAL_ROW	sonet21v6	8232	40744	1643311	1585871	40593	1585871	0.000000	0
SELECTED_ORIGINAL_ROW	squfl010-080	2490	6400	27665	27665	7335	27665	0.000000	0
SELECTED_ORIGINAL_ROW	genpooling_lee2	221	1048	19895	14028	1302	14028	0.000000	0
SELECTED_ORIGINAL_ROW	popdynm25	2807	13904	360081	286812	22528	286812	0.000000	0
SELECTED_ORIGINAL_ROW	chp_partload	5211	16740	509170	373134	28196	373134	0.000000	0
SELECTED_ORIGINAL_ROW	qspp_0_14_0_1_10_1	560	120274	16119226	16038266	67194	16038266	0.000000	0
SELECTED_ORIGINAL_ROW	st_glmp_ss1	24	66	160	160	60	160	0.000000	0
SELECTED_ORIGINAL_ROW	torsion50	2508	29808	1691033	1119054	42300	1119054	0.000000	0
SELECTED_ORIGINAL_ROW	st_rv2	40	340	2045	2045	255	2045	0.000000	0
SELECTED_ORIGINAL_ROW	emfl100_3_3	6885	15948	55506	55506	18972	55506	0.000000	0
SELECTED_ORIGINAL_ROW	pedigree_sim400	351	23546	1183471	1183168	12124	1183168	0.000000	0
SELECTED_ORIGINAL_ROW	polygon75	5846	49652	1171822	1171822	30672	1171822	0.000000	0
SELECTED_ORIGINAL_ROW	gabriel10	244056	1148210	1365442310	1267760679	4735821	1267760679	0.000000	0
SELECTED_ORIGINAL_ROW	fo9_ar25_1	1049	4336	41668	38237	4747	38237	0.000002	0
SELECTED_ORIGINAL_ROW	rsyn0840m	1159	3168	11274	10602	3316	10602	0.000000	0
SELECTED_ORIGINAL_ROW	gancns	548	2800	69234	58861	4041	58861	0.000000	0
SELECTED_ORIGINAL_ROW	o9_ar4_1	1049	4336	41668	38237	4747	38237	0.000000	0
SELECTED_ORIGINAL_ROW	ex1265a	123	560	3948	3750	588	3750	0.000000	0
SELECTED_ORIGINAL_ROW	ex9_2_6	28	68	190	190	70	190	0.000000	0
SELECTED_ORIGINAL_ROW	qspp_0_13_0_1_10_1	481	88522	10150185	10097446	49486	10097446	0.000000	0
SELECTED_ORIGINAL_ROW	slay04m	146	432	1554	1554	450	1554	0.000000	0
SELECTED_ORIGINAL_ROW	st_e25	20	92	336	262	66	262	0.000000	0
SELECTED_ORIGINAL_ROW	ex8_4_1	32	100	225	225	83	225	0.000000	0
SELECTED_ORIGINAL_ROW	st_e07	19	60	199	199	59	199	0.000000	0
SELECTED_ORIGINAL_ROW	ex1225	26	66	171	161	63	161	0.000000	0
SELECTED_ORIGINAL_ROW	ndcc13	969	5882	525212	324727	12325	324727	0.000000	0
SELECTED_ORIGINAL_ROW	syn10m04m	1224	3384	13501	13473	3639	13473	0.000000	0
SELECTED_ORIGINAL_ROW	ex5_2_4	18	62	204	193	55	193	0.000000	0
SELECTED_ORIGINAL_ROW	st_m2	72	1226	16331	16331	895	16331	0.000000	0
SELECTED_ORIGINAL_ROW	st_bpk1	16	44	115	108	40	108	0.000000	0
SELECTED_ORIGINAL_ROW	multiplants_stg1	736	3594	197998	155496	6926	155496	0.000000	0
SELECTED_ORIGINAL_ROW	powerflow0300p	11251	41918	304705	292256	45418	292256	0.000000	0
SELECTED_ORIGINAL_ROW	nd_netgen-3000-1-1-b-b-ns_7	33155	90000	922197	885186	101542	885186	0.000000	0
SELECTED_ORIGINAL_ROW	sonet23v4	803	6462	139703	94348	6246	94348	0.000000	0
SELECTED_ORIGINAL_ROW	pooling_sppa0pq	1649	24192	3745896	1214182	31968	1214182	0.000000	0
SELECTED_ORIGINAL_ROW	multiplants_mtg1b	645	4404	229415	152043	6901	152043	0.000000	0
SELECTED_ORIGINAL_ROW	sssd18-08persp	338	1168	4654	4654	1142	4654	0.000000	0
SELECTED_ORIGINAL_ROW	ex9_1_2	19	54	188	179	57	179	0.000000	0
SELECTED_ORIGINAL_ROW	crudeoil_lee1_07	3670	19322	4746188	3506452	52882	3506452	0.001608	1
SELECTED_ORIGINAL_ROW	pooling_haverly1tp	31	96	423	403	105	403	0.000000	0
SELECTED_ORIGINAL_ROW	waterund08	230	1290	35284	30110	1770	30110	0.000000	0
SELECTED_ORIGINAL_ROW	kall_diffcircles_6	76	302	1511	1511	281	1511	0.000000	0
SELECTED_ORIGINAL_ROW	chimera_mgw-c8-439-onc8-001	440	3040	106479	80090	5060	80090	0.000000	0
SELECTED_ORIGINAL_ROW	waterund11	160	828	14818	10705	989	10705	0.000000	0
SELECTED_ORIGINAL_ROW	chp_shorttermplan2d	16364	52108	4089003	1997381	81473	1997381	0.000000	0
SELECTED_ORIGINAL_ROW	sporttournament18	156	886	17568	13608	1328	13608	0.000000	0
SELECTED_ORIGINAL_ROW	cvxnonsep_psig30	30	870	9455	9455	465	9455	0.000000	0
SELECTED_ORIGINAL_ROW	ringpack_20_2	6089	40368	1872174	707413	36329	707413	0.000000	0
SELECTED_ORIGINAL_ROW	blend718	1386	4310	70355	61466	5842	61466	0.000000	0
SELECTED_ORIGINAL_ROW	wastepaper4	115	724	9711	7183	807	7183	0.000000	0
SELECTED_ORIGINAL_ROW	squfl010-040persp	2450	7200	22825	22825	6895	22825	0.000000	0
SELECTED_ORIGINAL_ROW	crudeoil_lee4_06	10429	55492	65337120	32474991	233773	32467193	0.015617	3
SELECTED_ORIGINAL_ROW	netmod_kar1	1746	4928	56838	43864	6364	43864	0.000000	0
SELECTED_ORIGINAL_ROW	ex8_1_7	14	46	137	128	40	128	0.000000	0
SELECTED_ORIGINAL_ROW	graphpart_3g-0333-0333	108	648	44928	36228	1594	36228	0.000000	0
SELECTED_ORIGINAL_ROW	slay05h	760	2080	9815	8795	2425	8795	0.000000	0
SELECTED_ORIGINAL_ROW	korcns	156	712	7241	6599	887	6599	0.000000	0
SELECTED_ORIGINAL_ROW	powerflow0118p	5065	18730	121503	117327	20045	117327	0.000000	0
SELECTED_ORIGINAL_ROW	sfacloc2_3_80	4799	20600	84672	81119	16813	81119	0.000000	0
SELECTED_ORIGINAL_ROW	rsyn0820m04m	6028	17372	196890	152980	21916	152980	0.000000	0
SELECTED_ORIGINAL_ROW	hydroenergy1	1046	3024	14089	14089	3435	14089	0.000000	0
SELECTED_ORIGINAL_ROW	maxmin	181	1440	8405	8405	925	8405	0.000000	0
SELECTED_ORIGINAL_ROW	st_ht	8	18	51	44	18	44	0.000000	0
SELECTED_ORIGINAL_ROW	crudeoil_lee2_06	6418	34646	23299675	16066186	133378	16066186	0.003422	3
SELECTED_ORIGINAL_ROW	kan_r3_h1_n4	3183	14062	104945	98715	15597	98715	0.000000	0
SELECTED_ORIGINAL_ROW	primary	378	5610	109639	95258	3428	95258	0.000000	0
SELECTED_ORIGINAL_ROW	syn10m03hfsg	1071	2772	9890	9812	3040	9812	0.000000	0
SELECTED_ORIGINAL_ROW	wastewater02m1	36	138	848	790	156	790	0.000000	0
SELECTED_ORIGINAL_ROW	supplychainr1_022020	4620	15680	273140	273100	20540	273100	0.000000	0
SELECTED_ORIGINAL_ROW	squfl025-025persp	3800	11250	49925	49925	10975	49925	0.000000	0
SELECTED_ORIGINAL_ROW	ringpack_30_2	17999	121458	12394600	2873684	108470	2873684	0.000000	0
SELECTED_ORIGINAL_ROW	nuclear104	39098	257806	103156931	78321564	523276	78321564	0.000000	1
SELECTED_ORIGINAL_ROW	chp_shorttermplan1a	4952	15700	376486	299825	22589	299825	0.000000	0
SELECTED_ORIGINAL_ROW	rocket50	555	3488	19983	19265	3185	19265	0.000000	0
SELECTED_ORIGINAL_ROW	rsyn0840m04m	8508	24272	229914	185120	29560	185120	0.000000	0
SELECTED_ORIGINAL_ROW	mpbp_21	11716	37660	1691114	1456963	65805	1456963	0.000000	0
SELECTED_ORIGINAL_ROW	orth_d4m6_pl	172	1096	10938	10703	1019	10703	0.000000	0
SELECTED_ORIGINAL_ROW	kall_circlespolygons_c1p5b	1681	7432	201759	193841	11831	193841	0.000000	0
SELECTED_ORIGINAL_ROW	acopf_case9241pegase_qcqp	313068	1292408	34647355	33736789	1988065	33736789	0.000000	0
SELECTED_ORIGINAL_ROW	ex1223	33	82	244	244	86	244	0.000000	0
SELECTED_ORIGINAL_ROW	ex6_1_4	10	48	197	153	37	153	0.000000	0
SELECTED_ORIGINAL_ROW	powerflow0014r	403	1630	10761	10361	1783	10361	0.000000	0
SELECTED_ORIGINAL_ROW	knp5-43	2065	31132	3517788	3517788	36336	3517788	0.000000	0
SELECTED_ORIGINAL_ROW	gabriel09	21688	89702	29373994	26366112	228634	26366112	0.000000	0
SELECTED_ORIGINAL_ROW	tln2	32	88	233	233	83	233	0.000000	0
SELECTED_ORIGINAL_ROW	prob02	22	76	267	232	66	232	0.000000	0
SELECTED_ORIGINAL_ROW	blend146	1422	4460	78102	64296	6042	64296	0.000000	0
SELECTED_ORIGINAL_ROW	mpbp_46	4518	14492	499547	447603	24571	447603	0.000000	0
SELECTED_ORIGINAL_ROW	tls6	413	2860	18483	17511	2429	17511	0.000000	0
SELECTED_ORIGINAL_ROW	emfl100_5_5	21925	52300	221650	221650	62300	221650	0.000000	0
SELECTED_ORIGINAL_ROW	qspp_0_11_0_1_10_1	341	44264	3563707	3531915	24763	3531915	0.000000	0
SELECTED_ORIGINAL_ROW	p_ball_10b_5p_4d_m	403	1484	13581	13288	1736	13288	0.000000	0
SELECTED_ORIGINAL_ROW	st_rv9	90	840	6691	6321	679	6321	0.000000	0
SELECTED_ORIGINAL_ROW	rsyn0840m02m	3486	9576	47529	44981	10989	44981	0.000000	0
SELECTED_ORIGINAL_ROW	nvs05	22	84	277	266	72	266	0.000000	0
SELECTED_ORIGINAL_ROW	autocorr_bern25-19	28	612	5278	5278	334	5278	0.000000	0
SELECTED_ORIGINAL_ROW	sssd20-08persp	356	1232	4960	4960	1208	4960	0.000000	0
SELECTED_ORIGINAL_ROW	multiplants_stg5	827	3804	377794	155722	7440	155722	0.000000	0
SELECTED_ORIGINAL_ROW	chimera_rfr-02	2032	15140	3860441	2487302	51728	2487302	0.000000	0
SELECTED_ORIGINAL_ROW	multiplants_stg1a	726	3510	142058	121443	6211	121443	0.000000	0
SELECTED_ORIGINAL_ROW	pooling_adhya4pq	170	932	24314	16556	1362	16556	0.000000	0
SELECTED_ORIGINAL_ROW	nuclear10a	17493	163816	82406325	55749125	365737	55749125	0.008878	1
SELECTED_ORIGINAL_ROW	sonet24v5	874	7260	185654	110276	7010	110276	0.000000	0
SELECTED_ORIGINAL_ROW	transswitch2736spr	69651	331010	7933133	7281507	439563	7281507	0.000000	0
SELECTED_ORIGINAL_ROW	chp_shorttermplan2a	8992	26288	821014	575282	38330	575282	0.000000	0
SELECTED_ORIGINAL_ROW	catmix200	1001	5592	18173	18164	4196	18164	0.000000	0
SELECTED_ORIGINAL_ROW	nvs23	27	252	1921	1221	153	1221	0.000000	0
SELECTED_ORIGINAL_ROW	oaer	20	40	107	107	45	107	0.000000	0
SELECTED_ORIGINAL_ROW	hybriddynamic_fixed	168	388	1103	1103	421	1103	0.000000	0
SELECTED_ORIGINAL_ROW	edgecross24-115	16747	77352	35096942	27626301	160407	27626301	0.000000	0
SELECTED_ORIGINAL_ROW	space25	1178	4334	23567	22528	4186	22528	0.000000	0
SELECTED_ORIGINAL_ROW	methanol400	23999	151728	2586036	1864047	186271	1864047	0.000000	0
SELECTED_ORIGINAL_ROW	pooling_foulds5tp	1218	8364	251833	171941	9811	171941	0.000000	0
SELECTED_ORIGINAL_ROW	pooling_sppa9tp	5040	121302	104609262	16877457	158869	16877457	0.000000	0
SELECTED_ORIGINAL_ROW	st_miqp2	10	18	37	37	19	37	0.000000	0
SELECTED_ORIGINAL_ROW	autocorr_bern30-23	33	878	8940	8940	472	8940	0.000000	0
SELECTED_ORIGINAL_ROW	mpbp_15	9858	31692	1496502	1167920	55898	1167920	0.000000	0
SELECTED_ORIGINAL_ROW	cvxnonsep_psig30r	126	250	501	501	251	501	0.000000	0
SELECTED_ORIGINAL_ROW	rsyn0830hfsg	1590	4100	16168	15383	4687	15383	0.000000	0
SELECTED_ORIGINAL_ROW	crudeoil_pooling_ct1	1271	4642	125127	93863	7323	93863	0.000000	0
SELECTED_ORIGINAL_ROW	multiplants_stg1c	800	3894	150039	143020	6946	143020	0.000000	0
SELECTED_ORIGINAL_ROW	st_pan1	11	32	123	94	30	94	0.000000	0
SELECTED_ORIGINAL_ROW	multiplants_stg1b	814	3992	308612	187593	7725	187593	0.000000	0
SELECTED_ORIGINAL_ROW	methanol200	11999	76128	1290836	905945	92103	905945	0.000000	0
SELECTED_ORIGINAL_ROW	faclay35	26778	132380	33630126	32021838	204090	32021838	0.000000	0
SELECTED_ORIGINAL_ROW	emfl050_5_5	13175	32300	155400	155400	38550	155400	0.000000	0
SELECTED_ORIGINAL_ROW	transswitch2383wpr	59853	277562	3946309	3861509	332327	3861509	0.000000	0
SELECTED_ORIGINAL_ROW	chimera_lga-01	1120	6400	668019	497101	15989	497101	0.000000	0
SELECTED_ORIGINAL_ROW	gasprod_sarawak16	4596	15316	213850	196064	22604	196064	0.000000	0
SELECTED_ORIGINAL_ROW	crudeoil_lee4_09	15904	101792	208785578	129101152	556476	128840457	0.029705	3
SELECTED_ORIGINAL_ROW	arki0013	44909	160172	390472987	150283404	683350	150041934	0.056107	3
SELECTED_ORIGINAL_ROW	st_m1	42	432	3097	3097	313	3097	0.000000	0
SELECTED_ORIGINAL_ROW	mpbp_47	5310	17098	730624	652248	30546	652248	0.000000	0
SELECTED_ORIGINAL_ROW	rsyn0815m	821	2242	8260	7745	2365	7745	0.000000	0
SELECTED_ORIGINAL_ROW	arki0016	7993	37208	878890	835794	47534	835794	0.000000	0
SELECTED_ORIGINAL_ROW	st_glmp_ss2	18	48	121	121	45	121	0.000000	0
SELECTED_ORIGINAL_ROW	rsyn0810m02hfsg	2670	6964	36862	34753	8593	34753	0.000000	0
SELECTED_ORIGINAL_ROW	pointpack06	55	276	1497	1497	241	1497	0.000000	0
SELECTED_ORIGINAL_ROW	syn40m04hfsg	6328	16896	76232	73685	18919	73685	0.000000	0
SELECTED_ORIGINAL_ROW	clay0304m	258	840	2742	2742	798	2742	0.000000	0
SELECTED_ORIGINAL_ROW	pooling_foulds5pq	1218	8300	159641	159641	9583	159641	0.000000	0
SELECTED_ORIGINAL_ROW	clay0305hfsg	1000	2910	12260	11240	3160	11240	0.000000	0
SELECTED_ORIGINAL_ROW	st_test8	64	232	2343	1964	316	1964	0.000000	0
SELECTED_ORIGINAL_ROW	gams05	17364	252910	6179750712	3259322396	3290984	3259322396	0.000000	0
SELECTED_ORIGINAL_ROW	sporttournament08	31	156	862	862	154	862	0.000000	0
SELECTED_ORIGINAL_ROW	powerflow0030p	1121	4194	24944	23642	4378	23642	0.000000	0
SELECTED_ORIGINAL_ROW	popdynm200	22407	105584	2567878	2436150	185076	2436150	0.007605	1
SELECTED_ORIGINAL_ROW	mpbp_35	11120	40790	3037207	975441	63231	975441	0.000000	0
SELECTED_ORIGINAL_ROW	syn30m02m	1492	3936	13752	13455	4221	13455	0.000000	0
SELECTED_ORIGINAL_ROW	wastewater13m1	481	3252	60135	60068	3560	60068	0.000000	0
SELECTED_ORIGINAL_ROW	syn40hfsg	1022	2624	8432	8155	2807	8155	0.000000	0
SELECTED_ORIGINAL_ROW	sep1	69	206	1097	1047	249	1047	0.000000	0
SELECTED_ORIGINAL_ROW	syn30m03m	2508	6804	26806	26552	7404	26552	0.000000	0
SELECTED_ORIGINAL_ROW	st_qpc-m3a	30	304	2330	1574	182	1574	0.000000	0
SELECTED_ORIGINAL_ROW	crudeoil_pooling_ct3	2644	11426	1381490	866197	26609	866197	0.000000	0
SELECTED_ORIGINAL_ROW	space25a	634	3246	29078	27875	3349	27875	0.000000	0
SELECTED_ORIGINAL_ROW	autocorr_bern20-15	23	394	2784	2784	220	2784	0.000000	0
SELECTED_ORIGINAL_ROW	ex7_2_1	35	134	352	341	103	341	0.000000	0
SELECTED_ORIGINAL_ROW	hydroenergy2	2092	6236	69051	56014	8284	56014	0.000000	0
SELECTED_ORIGINAL_ROW	pooling_digabel19	514	5340	325989	274903	8765	274903	0.000000	0
SELECTED_ORIGINAL_ROW	clay0203m	132	420	1348	1348	402	1348	0.000000	0
SELECTED_ORIGINAL_ROW	squfl030-150	13680	36000	252605	252605	41115	252605	0.000000	0
