tag	matrix	n	input_nnz	amd_flops	failed_control_flops	reduced_flops	seconds
BATCH_RUNTIME_ROW	slay06m	357	1080	4025	4025	4025	0.256038
BATCH_RUNTIME_ROW	sssd25-08	401	1200	5389	5389	5389	0.234163
BATCH_RUNTIME_ROW	rsyn0810m04m	4772	13836	147553	113250	113250	0.458687
BATCH_RUNTIME_ROW	pooling_sppc3pq	23173	893724	1153877333	325595394	325595394	0.565375
BATCH_RUNTIME_ROW	sporttournament48	1131	6676	919582	594138	594138	0.458244
BATCH_RUNTIME_ROW	pooling_sppa9pq	5030	120730	23971280	15130622	15130622	0.293203
BATCH_RUNTIME_ROW	edgecross10-090	1053	5204	126115	103179	103179	0.259540
BATCH_RUNTIME_ROW	maxcsp-ehi-85-297-71	2372	207996	1381768944	1110971341	1110971341	0.197878
BATCH_RUNTIME_ROW	st_bpaf1a	30	120	623	580	580	0.187359
BATCH_RUNTIME_ROW	risk2bpb	1462	5396	118471	66041	66041	0.418763
BATCH_RUNTIME_ROW	qap	255	43748	3802533	3650113	3650113	0.131262
BATCH_RUNTIME_ROW	rsyn0830m04m	7252	20752	212130	171656	171656	0.445385
BATCH_RUNTIME_ROW	lop97icx	1073	2118	79286	64044	64044	0.247400
BATCH_RUNTIME_ROW	chain400	1201	4796	16382	16382	16382	0.203169
BATCH_RUNTIME_ROW	mpbp_07	9532	30810	1368477	1248947	1248947	0.600825
BATCH_RUNTIME_ROW	sonetgr17	440	2958	37814	30971	30971	0.306221
BATCH_RUNTIME_ROW	p_ball_30b_7p_2d_h	2207	7516	42456	42319	42319	0.367371
BATCH_RUNTIME_ROW	pinene200	19995	97990	1358716	1134463	1134463	0.484837
BATCH_RUNTIME_ROW	unitcommit_200_100_1_mod_8	146830	476332	3053940	2981835	2981835	0.308405
BATCH_RUNTIME_ROW	ex8_3_9	123	834	15050	11503	11503	0.286580
BATCH_RUNTIME_ROW	rsyn0820m02m	2486	6932	38190	35631	35631	0.425142
BATCH_RUNTIME_ROW	p_ball_10b_5p_2d_m	293	964	6648	6547	6547	0.277121
BATCH_RUNTIME_ROW	pooling_adhya4tp	170	936	26842	20581	20581	0.217571
BATCH_RUNTIME_ROW	squfl015-080persp	7295	21600	74520	74520	74520	0.239385
BATCH_RUNTIME_ROW	edgecross10-080	1053	5940	170814	164639	164639	0.267226
BATCH_RUNTIME_ROW	clay0204hfsg	590	1696	7198	6562	6562	0.269191
BATCH_RUNTIME_ROW	st_bsj2	13	40	143	114	114	0.146354
BATCH_RUNTIME_ROW	chimera_mgw-c8-439-onc8-002	440	3038	97870	86464	86464	0.382589
BATCH_RUNTIME_ROW	batchs201210m	5188	17910	349298	303381	303381	0.522017
BATCH_RUNTIME_ROW	rsyn0815m04m	5456	15756	184352	143458	143458	0.513063
BATCH_RUNTIME_ROW	syn40m	560	1528	5007	4829	4829	0.275058
BATCH_RUNTIME_ROW	knp5-44	2157	32604	3764003	3764003	3764003	0.223484
BATCH_RUNTIME_ROW	ex1263a	94	390	2098	2098	2098	0.233645
BATCH_RUNTIME_ROW	st_e41	8	32	88	88	88	0.000002
BATCH_RUNTIME_ROW	squfl025-030	2305	6000	42305	42305	42305	0.282629
BATCH_RUNTIME_ROW	wastewater05m1	98	536	11690	8036	8036	0.256541
BATCH_RUNTIME_ROW	cvxnonsep_psig20	20	380	2870	2870	2870	0.000004
BATCH_RUNTIME_ROW	meanvar-orl400_05_e_8	4405	171604	21923414	21922611	21922611	0.186168
BATCH_RUNTIME_ROW	st_e31	301	744	4534	4257	4257	0.259478
BATCH_RUNTIME_ROW	pooling_sppc1pq	14100	477680	812210652	131443992	136686008	0.307696
BATCH_RUNTIME_ROW	pooling_haverly1pq	31	96	412	403	403	0.190414
BATCH_RUNTIME_ROW	graphpart_3g-0244-0244	128	672	33446	32534	32534	0.231168
BATCH_RUNTIME_ROW	graphpart_clique-20	80	1260	34885	27856	27856	0.226807
BATCH_RUNTIME_ROW	mpbp_48	28368	91016	33835023	16124058	16144599	0.592180
BATCH_RUNTIME_ROW	pooling_sppb5pq	18529	674470	523815053	213571545	213571545	0.456513
BATCH_RUNTIME_ROW	slay07m	497	1512	5740	5740	5740	0.260051
BATCH_RUNTIME_ROW	nvs19	24	200	1353	884	884	0.000003
BATCH_RUNTIME_ROW	oil	3270	8430	36313	34760	34760	0.406941
BATCH_RUNTIME_ROW	squfl015-060	2775	7200	36400	36400	36400	0.304084
BATCH_RUNTIME_ROW	ndcc12persp	1112	5522	299115	284793	284793	0.356526
BATCH_RUNTIME_ROW	kissing2	20772	401024	156414018	156414018	156414018	0.322618
BATCH_RUNTIME_ROW	nuclear25a	1942	16030	1977163	1136191	1136191	0.429327
BATCH_RUNTIME_ROW	clay0204m	222	704	2330	2330	2330	0.257813
BATCH_RUNTIME_ROW	st_ph13	23	68	207	178	178	0.123403
BATCH_RUNTIME_ROW	edgecross10-030	1053	4654	135854	100080	100080	0.345327
BATCH_RUNTIME_ROW	chain200	601	2396	8182	8182	8182	0.236592
BATCH_RUNTIME_ROW	ex1223b	25	66	178	178	178	0.147007
BATCH_RUNTIME_ROW	slay09h	2718	7488	36057	32385	32385	0.375568
BATCH_RUNTIME_ROW	ndcc12	974	5982	345696	329556	329556	0.443678
BATCH_RUNTIME_ROW	kall_circlesrectangles_c6r39	1306	5378	75744	74610	74610	0.361605
BATCH_RUNTIME_ROW	squfl020-150	9170	24000	135020	135020	135020	0.411801
BATCH_RUNTIME_ROW	autocorr_bern40-30	43	1534	20034	20034	20034	0.000009
BATCH_RUNTIME_ROW	slay08m	660	2016	7796	7796	7796	0.273217
BATCH_RUNTIME_ROW	chimera_mgw-c16-2031-01	2032	15900	3328073	2560646	2569662	0.460343
BATCH_RUNTIME_ROW	forest	713	2658	10614	10543	10543	0.359922
BATCH_RUNTIME_ROW	qspp_0_10_0_1_10_1	280	29636	1942907	1932414	1932414	0.153376
BATCH_RUNTIME_ROW	st_ph1	16	58	274	233	233	0.161240
BATCH_RUNTIME_ROW	elf	124	376	2733	2173	2173	0.239581
BATCH_RUNTIME_ROW	ex3_1_3	18	36	90	83	83	0.130377
BATCH_RUNTIME_ROW	cvxnonsep_normcon40r	162	322	645	645	645	0.000002
BATCH_RUNTIME_ROW	demo7	155	618	3579	3426	3426	0.279207
BATCH_RUNTIME_ROW	waternd2	615	2580	155674	74817	74817	0.334725
BATCH_RUNTIME_ROW	prolog	64	292	1245	1225	1225	0.241848
BATCH_RUNTIME_ROW	ex14_1_8	11	30	80	80	80	0.106658
BATCH_RUNTIME_ROW	faclay75	272878	1379706	3204527350	3013800414	3013800414	0.435406
BATCH_RUNTIME_ROW	st_qpk3	55	548	5467	3762	3762	0.153311
BATCH_RUNTIME_ROW	mpbp_34	11556	40860	3093917	891278	891278	0.448656
BATCH_RUNTIME_ROW	cvxnonsep_normcon20r	82	162	325	325	325	0.000003
BATCH_RUNTIME_ROW	cvxnonsep_psig20r	86	170	341	341	341	0.000001
BATCH_RUNTIME_ROW	crudeoil_pooling_dt2	18742	75910	14985540	9947927	9947932	0.455588
BATCH_RUNTIME_ROW	rsyn0805m03m	2868	8270	60979	54853	54853	0.552778
BATCH_RUNTIME_ROW	st_iqpbk1	22	98	295	295	295	0.000003
BATCH_RUNTIME_ROW	waterund01	96	404	4546	3317	3317	0.291227
BATCH_RUNTIME_ROW	pointpack04	29	120	577	577	577	0.178409
BATCH_RUNTIME_ROW	st_e22	12	30	77	70	70	0.102015
BATCH_RUNTIME_ROW	faclay30	16678	82242	13452923	12850431	12850431	0.342153
BATCH_RUNTIME_ROW	arki0002	4432	11248	683476	667374	667374	0.373002
BATCH_RUNTIME_ROW	transswitch0300p	11659	48446	404940	374416	374416	0.602356
BATCH_RUNTIME_ROW	crudeoil_pooling_dt3	30660	152210	48975085	33883039	33883414	0.552597
BATCH_RUNTIME_ROW	gasprod_sarawak81	22536	75636	1030380	941231	941231	0.484815
BATCH_RUNTIME_ROW	maxcsp-langford-3-11	660	29646	33444033	10360919	10360919	0.332880
BATCH_RUNTIME_ROW	p_ball_30b_5p_2d_h	1543	5224	25843	25742	25742	0.281333
BATCH_RUNTIME_ROW	ringpack_20_3	6709	45220	2415136	865627	865627	0.361825
BATCH_RUNTIME_ROW	waste	4825	21504	1468261	1270649	1270649	0.506047
BATCH_RUNTIME_ROW	catmix400	2001	11192	36373	36364	36364	0.215652
BATCH_RUNTIME_ROW	rsyn0815m02hfsg	3054	7968	44604	41384	41384	0.412971
BATCH_RUNTIME_ROW	p_ball_10b_7p_3d_h	1236	4186	24380	23744	23744	0.284516
BATCH_RUNTIME_ROW	chimera_k64ising-02	1225	3846	613390	371142	371142	0.510600
BATCH_RUNTIME_ROW	batchs121208m	3404	11462	138030	128816	128816	0.450568
BATCH_RUNTIME_ROW	nvs02	11	46	142	142	142	0.142712
BATCH_RUNTIME_ROW	wastepaper6	191	1416	16611	16611	16611	0.267516
BATCH_RUNTIME_ROW	syn15hfsg	399	1022	3300	3272	3272	0.245035
BATCH_RUNTIME_ROW	st_jcbpaf2	36	246	1635	1543	1543	0.178580
BATCH_RUNTIME_ROW	camshape400	2000	7188	16768	16768	16768	0.000038
BATCH_RUNTIME_ROW	graphpart_clique-30	120	2790	114505	91153	91153	0.244198
BATCH_RUNTIME_ROW	graphpart_clique-70	280	14910	1413012	1144894	1144894	0.192577
BATCH_RUNTIME_ROW	smallinvDAXr1b010-011	39	1120	13510	13319	13319	0.000006
BATCH_RUNTIME_ROW	nd_netgen-2000-3-4-b-a-ns_7	22074	60000	289420	273394	273394	0.285838
BATCH_RUNTIME_ROW	slay05m	240	720	2635	2635	2635	0.254740
BATCH_RUNTIME_ROW	chimera_selby-c16-01	2031	10964	3605628	2419538	2419538	0.545501
BATCH_RUNTIME_ROW	csched1	110	376	975	975	975	0.243419
BATCH_RUNTIME_ROW	watercontamination0303r	1310	37028	2171882	2171882	2171882	0.128259
BATCH_RUNTIME_ROW	ex9_2_4	15	36	117	117	117	0.111435
BATCH_RUNTIME_ROW	sssd15-04	163	440	1625	1625	1625	0.187549
BATCH_RUNTIME_ROW	autocorr_bern35-35fix	38	1264	16214	16214	16214	0.000006
BATCH_RUNTIME_ROW	sfacloc2_4_90	1491	4500	31682	28843	28843	0.324398
BATCH_RUNTIME_ROW	cont6-qq	120395	557994	835894090	581918900	581918900	0.211574
BATCH_RUNTIME_ROW	meanvar-orl400_05_e_7	5205	174804	21939414	21935811	21935811	0.178002
BATCH_RUNTIME_ROW	glider400	10017	49624	373018	327461	327461	0.321475
BATCH_RUNTIME_ROW	syn40m04m	4960	13792	65982	63265	63265	0.466138
BATCH_RUNTIME_ROW	ex2_1_3	31	72	189	189	189	0.150322
BATCH_RUNTIME_ROW	qapw	705	87496	12183146	12183146	12183146	0.421224
BATCH_RUNTIME_ROW	himmel11	14	60	198	198	198	0.144698
BATCH_RUNTIME_ROW	syn15m04m	1908	5288	26094	25061	25061	0.310521
BATCH_RUNTIME_ROW	pooling_rt2tp	118	654	5876	5796	5796	0.252816
BATCH_RUNTIME_ROW	waterund14	333	2204	200484	72184	72184	0.286792
BATCH_RUNTIME_ROW	crudeoil_lee4_10	17809	120632	294531623	176348241	184173410	0.731669
BATCH_RUNTIME_ROW	pooling_foulds4pq	1294	8302	138692	138540	138540	0.372254
BATCH_RUNTIME_ROW	edgecross14-156	3097	19664	1487933	1376964	1376964	0.310203
BATCH_RUNTIME_ROW	tspn08	72	668	11074	7600	7600	0.216528
BATCH_RUNTIME_ROW	crudeoil_li05	4225	14628	680022	533531	533531	0.464871
BATCH_RUNTIME_ROW	procurement1large	14416	41068	13858240	7372274	7376882	0.464748
BATCH_RUNTIME_ROW	blend721	1428	4548	77560	66143	66143	0.302617
BATCH_RUNTIME_ROW	chimera_selby-c16-02	2031	10878	4280329	2298651	2298651	0.549450
BATCH_RUNTIME_ROW	supplychainr1_053050	16640	57800	2173490	2173490	2173490	0.350119
BATCH_RUNTIME_ROW	sfacloc2_4_80	5067	21424	93048	88884	88884	0.552337
BATCH_RUNTIME_ROW	st_e24	10	26	64	57	57	0.000002
BATCH_RUNTIME_ROW	edgecross10-040	1053	5116	161851	143518	143518	0.285626
BATCH_RUNTIME_ROW	sonet21v6	8232	40744	1643311	1585871	1585871	0.368303
BATCH_RUNTIME_ROW	squfl010-080	2490	6400	27665	27665	27665	0.280746
BATCH_RUNTIME_ROW	genpooling_lee2	221	1048	19895	14028	14028	0.250884
BATCH_RUNTIME_ROW	popdynm25	2807	13904	360081	286812	286812	0.494223
BATCH_RUNTIME_ROW	chp_partload	5211	16740	509170	373134	373134	0.609339
BATCH_RUNTIME_ROW	qspp_0_14_0_1_10_1	560	120274	16119226	16038266	16038266	0.208662
BATCH_RUNTIME_ROW	st_glmp_ss1	24	66	160	160	160	0.129143
BATCH_RUNTIME_ROW	torsion50	2508	29808	1691033	1119054	1119054	0.379395
BATCH_RUNTIME_ROW	st_rv2	40	340	2045	2045	2045	0.204029
BATCH_RUNTIME_ROW	emfl100_3_3	6885	15948	55506	55506	55506	0.219131
BATCH_RUNTIME_ROW	pedigree_sim400	351	23546	1183471	1183168	1183168	0.000080
BATCH_RUNTIME_ROW	polygon75	5846	49652	1171822	1171822	1171822	0.000204
BATCH_RUNTIME_ROW	gabriel10	244056	1148210	1365442310	1267760679	1267760679	0.415628
BATCH_RUNTIME_ROW	fo9_ar25_1	1049	4336	41668	38237	38237	0.269542
BATCH_RUNTIME_ROW	rsyn0840m	1159	3168	11274	10602	10602	0.293077
BATCH_RUNTIME_ROW	gancns	548	2800	69234	58861	58861	0.365984
BATCH_RUNTIME_ROW	o9_ar4_1	1049	4336	41668	38237	38237	0.262358
BATCH_RUNTIME_ROW	ex1265a	123	560	3948	3750	3750	0.296551
BATCH_RUNTIME_ROW	ex9_2_6	28	68	190	190	190	0.143896
BATCH_RUNTIME_ROW	qspp_0_13_0_1_10_1	481	88522	10150185	10097446	10097446	0.165616
BATCH_RUNTIME_ROW	slay04m	146	432	1554	1554	1554	0.213176
BATCH_RUNTIME_ROW	st_e25	20	92	336	262	262	0.000003
BATCH_RUNTIME_ROW	ex8_4_1	32	100	225	225	225	0.205405
BATCH_RUNTIME_ROW	st_e07	19	60	199	199	199	0.183274
BATCH_RUNTIME_ROW	ex1225	26	66	171	161	161	0.142162
BATCH_RUNTIME_ROW	ndcc13	969	5882	525212	324727	324727	0.440024
BATCH_RUNTIME_ROW	syn10m04m	1224	3384	13501	13473	13473	0.256343
BATCH_RUNTIME_ROW	ex5_2_4	18	62	204	193	193	0.173047
BATCH_RUNTIME_ROW	st_m2	72	1226	16331	16331	16331	0.207773
BATCH_RUNTIME_ROW	st_bpk1	16	44	115	108	108	0.125448
BATCH_RUNTIME_ROW	multiplants_stg1	736	3594	197998	155496	155496	0.454217
BATCH_RUNTIME_ROW	powerflow0300p	11251	41918	304705	292256	292256	0.572042
BATCH_RUNTIME_ROW	nd_netgen-3000-1-1-b-b-ns_7	33155	90000	922197	885186	885186	0.382848
BATCH_RUNTIME_ROW	sonet23v4	803	6462	139703	94348	94348	0.427756
BATCH_RUNTIME_ROW	pooling_sppa0pq	1649	24192	3745896	1214182	1214182	0.345065
BATCH_RUNTIME_ROW	multiplants_mtg1b	645	4404	229415	152043	152043	0.449979
BATCH_RUNTIME_ROW	sssd18-08persp	338	1168	4654	4654	4654	0.277871
BATCH_RUNTIME_ROW	ex9_1_2	19	54	188	179	179	0.139463
BATCH_RUNTIME_ROW	crudeoil_lee1_07	3670	19322	4746188	3506452	3506464	0.598732
BATCH_RUNTIME_ROW	pooling_haverly1tp	31	96	423	403	403	0.189274
BATCH_RUNTIME_ROW	waterund08	230	1290	35284	30110	30110	0.230684
BATCH_RUNTIME_ROW	kall_diffcircles_6	76	302	1511	1511	1511	0.189432
BATCH_RUNTIME_ROW	chimera_mgw-c8-439-onc8-001	440	3040	106479	80090	80090	0.391219
BATCH_RUNTIME_ROW	waterund11	160	828	14818	10705	10705	0.273722
BATCH_RUNTIME_ROW	chp_shorttermplan2d	16364	52108	4089003	1997381	1997381	0.539594
BATCH_RUNTIME_ROW	sporttournament18	156	886	17568	13608	13608	0.317538
BATCH_RUNTIME_ROW	cvxnonsep_psig30	30	870	9455	9455	9455	0.000005
BATCH_RUNTIME_ROW	ringpack_20_2	6089	40368	1872174	707413	707413	0.339923
BATCH_RUNTIME_ROW	blend718	1386	4310	70355	61466	61466	0.313462
BATCH_RUNTIME_ROW	wastepaper4	115	724	9711	7183	7183	0.289095
BATCH_RUNTIME_ROW	squfl010-040persp	2450	7200	22825	22825	22825	0.281019
BATCH_RUNTIME_ROW	crudeoil_lee4_06	10429	55492	65337120	32474991	32564806	0.691509
BATCH_RUNTIME_ROW	netmod_kar1	1746	4928	56838	43864	43864	0.440054
BATCH_RUNTIME_ROW	ex8_1_7	14	46	137	128	128	0.149191
BATCH_RUNTIME_ROW	graphpart_3g-0333-0333	108	648	44928	36228	36228	0.208339
BATCH_RUNTIME_ROW	slay05h	760	2080	9815	8795	8795	0.290904
BATCH_RUNTIME_ROW	korcns	156	712	7241	6599	6599	0.305342
BATCH_RUNTIME_ROW	powerflow0118p	5065	18730	121503	117327	117327	0.535166
BATCH_RUNTIME_ROW	sfacloc2_3_80	4799	20600	84672	81119	81119	0.570687
BATCH_RUNTIME_ROW	rsyn0820m04m	6028	17372	196890	152980	152980	0.439458
BATCH_RUNTIME_ROW	hydroenergy1	1046	3024	14089	14089	14089	0.240614
BATCH_RUNTIME_ROW	maxmin	181	1440	8405	8405	8405	0.201255
BATCH_RUNTIME_ROW	st_ht	8	18	51	44	44	0.107525
BATCH_RUNTIME_ROW	crudeoil_lee2_06	6418	34646	23299675	16066186	16292510	0.660551
BATCH_RUNTIME_ROW	kan_r3_h1_n4	3183	14062	104945	98715	98715	0.382740
BATCH_RUNTIME_ROW	primary	378	5610	109639	95258	95258	0.263790
BATCH_RUNTIME_ROW	syn10m03hfsg	1071	2772	9890	9812	9812	0.263454
BATCH_RUNTIME_ROW	wastewater02m1	36	138	848	790	790	0.212954
BATCH_RUNTIME_ROW	supplychainr1_022020	4620	15680	273140	273100	273100	0.336175
BATCH_RUNTIME_ROW	squfl025-025persp	3800	11250	49925	49925	49925	0.216993
BATCH_RUNTIME_ROW	ringpack_30_2	17999	121458	12394600	2873684	2873684	0.597537
BATCH_RUNTIME_ROW	nuclear104	39098	257806	103156931	78321564	78332024	0.730627
BATCH_RUNTIME_ROW	chp_shorttermplan1a	4952	15700	376486	299825	299825	0.491636
BATCH_RUNTIME_ROW	rocket50	555	3488	19983	19265	19265	0.391249
BATCH_RUNTIME_ROW	rsyn0840m04m	8508	24272	229914	185120	185120	0.569414
BATCH_RUNTIME_ROW	mpbp_21	11716	37660	1691114	1456963	1456963	0.539508
BATCH_RUNTIME_ROW	orth_d4m6_pl	172	1096	10938	10703	10703	0.231485
BATCH_RUNTIME_ROW	kall_circlespolygons_c1p5b	1681	7432	201759	193841	193841	0.376567
BATCH_RUNTIME_ROW	acopf_case9241pegase_qcqp	313068	1292408	34647355	33736789	33736789	0.342245
BATCH_RUNTIME_ROW	ex1223	33	82	244	244	244	0.164094
BATCH_RUNTIME_ROW	ex6_1_4	10	48	197	153	153	0.154197
BATCH_RUNTIME_ROW	powerflow0014r	403	1630	10761	10361	10361	0.294802
BATCH_RUNTIME_ROW	knp5-43	2065	31132	3517788	3517788	3517788	0.215503
BATCH_RUNTIME_ROW	gabriel09	21688	89702	29373994	26366112	26366112	0.521285
BATCH_RUNTIME_ROW	tln2	32	88	233	233	233	0.152142
BATCH_RUNTIME_ROW	prob02	22	76	267	232	232	0.176798
BATCH_RUNTIME_ROW	blend146	1422	4460	78102	64296	64296	0.314943
BATCH_RUNTIME_ROW	mpbp_46	4518	14492	499547	447603	447603	0.412368
BATCH_RUNTIME_ROW	tls6	413	2860	18483	17511	17511	0.334024
BATCH_RUNTIME_ROW	emfl100_5_5	21925	52300	221650	221650	221650	0.312438
BATCH_RUNTIME_ROW	qspp_0_11_0_1_10_1	341	44264	3563707	3531915	3531915	0.144257
BATCH_RUNTIME_ROW	p_ball_10b_5p_4d_m	403	1484	13581	13288	13288	0.271821
BATCH_RUNTIME_ROW	st_rv9	90	840	6691	6321	6321	0.240694
BATCH_RUNTIME_ROW	rsyn0840m02m	3486	9576	47529	44981	44981	0.385604
BATCH_RUNTIME_ROW	nvs05	22	84	277	266	266	0.178701
BATCH_RUNTIME_ROW	autocorr_bern25-19	28	612	5278	5278	5278	0.000005
BATCH_RUNTIME_ROW	sssd20-08persp	356	1232	4960	4960	4960	0.283345
BATCH_RUNTIME_ROW	multiplants_stg5	827	3804	377794	155722	155722	0.463615
BATCH_RUNTIME_ROW	chimera_rfr-02	2032	15140	3860441	2487302	2487302	0.513030
BATCH_RUNTIME_ROW	multiplants_stg1a	726	3510	142058	121443	121443	0.454026
BATCH_RUNTIME_ROW	pooling_adhya4pq	170	932	24314	16556	16556	0.241136
BATCH_RUNTIME_ROW	nuclear10a	17493	163816	82406325	55749125	55754381	0.554812
BATCH_RUNTIME_ROW	sonet24v5	874	7260	185654	110276	110276	0.445906
BATCH_RUNTIME_ROW	transswitch2736spr	69651	331010	7933133	7281507	7281507	0.280629
BATCH_RUNTIME_ROW	chp_shorttermplan2a	8992	26288	821014	575282	575282	0.431867
BATCH_RUNTIME_ROW	catmix200	1001	5592	18173	18164	18164	0.247529
BATCH_RUNTIME_ROW	nvs23	27	252	1921	1221	1221	0.000004
BATCH_RUNTIME_ROW	oaer	20	40	107	107	107	0.128068
BATCH_RUNTIME_ROW	hybriddynamic_fixed	168	388	1103	1103	1103	0.192013
BATCH_RUNTIME_ROW	edgecross24-115	16747	77352	35096942	27626301	27626301	0.440661
BATCH_RUNTIME_ROW	space25	1178	4334	23567	22528	22528	0.273664
BATCH_RUNTIME_ROW	methanol400	23999	151728	2586036	1864047	1864047	0.397635
BATCH_RUNTIME_ROW	pooling_foulds5tp	1218	8364	251833	171941	171941	0.423483
BATCH_RUNTIME_ROW	pooling_sppa9tp	5040	121302	104609262	16877457	16877457	0.458931
BATCH_RUNTIME_ROW	st_miqp2	10	18	37	37	37	0.000001
BATCH_RUNTIME_ROW	autocorr_bern30-23	33	878	8940	8940	8940	0.000006
BATCH_RUNTIME_ROW	mpbp_15	9858	31692	1496502	1167920	1167920	0.593363
BATCH_RUNTIME_ROW	cvxnonsep_psig30r	126	250	501	501	501	0.000002
BATCH_RUNTIME_ROW	rsyn0830hfsg	1590	4100	16168	15383	15383	0.352915
BATCH_RUNTIME_ROW	crudeoil_pooling_ct1	1271	4642	125127	93863	93863	0.451165
BATCH_RUNTIME_ROW	multiplants_stg1c	800	3894	150039	143020	143020	0.453163
BATCH_RUNTIME_ROW	st_pan1	11	32	123	94	94	0.112268
BATCH_RUNTIME_ROW	multiplants_stg1b	814	3992	308612	187593	187593	0.488323
BATCH_RUNTIME_ROW	methanol200	11999	76128	1290836	905945	905945	0.477159
BATCH_RUNTIME_ROW	faclay35	26778	132380	33630126	32021838	32021838	0.454028
BATCH_RUNTIME_ROW	emfl050_5_5	13175	32300	155400	155400	155400	0.209408
BATCH_RUNTIME_ROW	transswitch2383wpr	59853	277562	3946309	3861509	3861509	0.378522
BATCH_RUNTIME_ROW	chimera_lga-01	1120	6400	668019	497101	497101	0.419038
BATCH_RUNTIME_ROW	gasprod_sarawak16	4596	15316	213850	196064	196064	0.534813
BATCH_RUNTIME_ROW	crudeoil_lee4_09	15904	101792	208785578	129101152	130655525	0.729293
BATCH_RUNTIME_ROW	arki0013	44909	160172	390472987	150283404	157005417	0.622874
BATCH_RUNTIME_ROW	st_m1	42	432	3097	3097	3097	0.169250
BATCH_RUNTIME_ROW	mpbp_47	5310	17098	730624	652248	652248	0.526815
BATCH_RUNTIME_ROW	rsyn0815m	821	2242	8260	7745	7745	0.371548
BATCH_RUNTIME_ROW	arki0016	7993	37208	878890	835794	835794	0.735453
BATCH_RUNTIME_ROW	st_glmp_ss2	18	48	121	121	121	0.128773
BATCH_RUNTIME_ROW	rsyn0810m02hfsg	2670	6964	36862	34753	34753	0.489494
BATCH_RUNTIME_ROW	pointpack06	55	276	1497	1497	1497	0.177474
BATCH_RUNTIME_ROW	syn40m04hfsg	6328	16896	76232	73685	73685	0.297736
BATCH_RUNTIME_ROW	clay0304m	258	840	2742	2742	2742	0.254123
BATCH_RUNTIME_ROW	pooling_foulds5pq	1218	8300	159641	159641	159641	0.338645
BATCH_RUNTIME_ROW	clay0305hfsg	1000	2910	12260	11240	11240	0.358307
BATCH_RUNTIME_ROW	st_test8	64	232	2343	1964	1964	0.241249
BATCH_RUNTIME_ROW	gams05	17364	252910	6179750712	3259322396	3259322396	0.668668
BATCH_RUNTIME_ROW	sporttournament08	31	156	862	862	862	0.196235
BATCH_RUNTIME_ROW	powerflow0030p	1121	4194	24944	23642	23642	0.324388
BATCH_RUNTIME_ROW	popdynm200	22407	105584	2567878	2436150	2436690	0.567506
BATCH_RUNTIME_ROW	mpbp_35	11120	40790	3037207	975441	975441	0.553256
BATCH_RUNTIME_ROW	syn30m02m	1492	3936	13752	13455	13455	0.345438
BATCH_RUNTIME_ROW	wastewater13m1	481	3252	60135	60068	60068	0.294817
BATCH_RUNTIME_ROW	syn40hfsg	1022	2624	8432	8155	8155	0.280383
BATCH_RUNTIME_ROW	sep1	69	206	1097	1047	1047	0.173383
BATCH_RUNTIME_ROW	syn30m03m	2508	6804	26806	26552	26552	0.376312
BATCH_RUNTIME_ROW	st_qpc-m3a	30	304	2330	1574	1574	0.000004
BATCH_RUNTIME_ROW	crudeoil_pooling_ct3	2644	11426	1381490	866197	866197	0.563513
BATCH_RUNTIME_ROW	space25a	634	3246	29078	27875	27875	0.359440
BATCH_RUNTIME_ROW	autocorr_bern20-15	23	394	2784	2784	2784	0.000004
BATCH_RUNTIME_ROW	ex7_2_1	35	134	352	341	341	0.201941
BATCH_RUNTIME_ROW	hydroenergy2	2092	6236	69051	56014	56014	0.503655
BATCH_RUNTIME_ROW	pooling_digabel19	514	5340	325989	274903	274903	0.320747
BATCH_RUNTIME_ROW	clay0203m	132	420	1348	1348	1348	0.258998
BATCH_RUNTIME_ROW	squfl030-150	13680	36000	252605	252605	252605	0.275490
