name	n	nnz	amd	control_flops	final_flops	elapsed
slay06m	357	1080	4025	4025	4025	0.255958
sssd25-08	401	1200	5389	5389	5389	0.233690
rsyn0810m04m	4772	13836	147553	113250	113250	0.452363
pooling_sppc3pq	23173	893724	1153877333	325595394	325595394	0.566381
sporttournament48	1131	6676	919582	594138	594138	0.454161
pooling_sppa9pq	5030	120730	23971280	15130622	15130622	0.291923
edgecross10-090	1053	5204	126115	103179	103179	0.257485
maxcsp-ehi-85-297-71	2372	207996	1381768944	1110971341	1110971341	0.199013
st_bpaf1a	30	120	623	580	580	0.186998
risk2bpb	1462	5396	118471	66041	66041	0.417089
qap	255	43748	3802533	3650113	3650113	0.129786
rsyn0830m04m	7252	20752	212130	171656	171656	0.434301
lop97icx	1073	2118	79286	64044	64044	0.246631
chain400	1201	4796	16382	16382	16382	0.201057
mpbp_07	9532	30810	1368477	1248947	1248947	0.582012
sonetgr17	440	2958	37814	30971	30971	0.304822
p_ball_30b_7p_2d_h	2207	7516	42456	42319	42319	0.360943
pinene200	19995	97990	1358716	1134463	1134463	0.483980
unitcommit_200_100_1_mod_8	146830	476332	3053940	2981835	2981835	0.309768
ex8_3_9	123	834	15050	11503	11503	0.288134
rsyn0820m02m	2486	6932	38190	35631	35631	0.422864
p_ball_10b_5p_2d_m	293	964	6648	6547	6547	0.276972
pooling_adhya4tp	170	936	26842	20581	20581	0.219240
squfl015-080persp	7295	21600	74520	74520	74520	0.240212
edgecross10-080	1053	5940	170814	164639	164639	0.264372
clay0204hfsg	590	1696	7198	6562	6562	0.267016
st_bsj2	13	40	143	114	114	0.144975
chimera_mgw-c8-439-onc8-002	440	3038	97870	86464	86464	0.380290
batchs201210m	5188	17910	349298	303381	303381	0.516116
rsyn0815m04m	5456	15756	184352	143458	143458	0.512501
syn40m	560	1528	5007	4829	4829	0.270930
knp5-44	2157	32604	3764003	3764003	3764003	0.223897
ex1263a	94	390	2098	2098	2098	0.234411
st_e41	8	32	88	88	88	0.000002
squfl025-030	2305	6000	42305	42305	42305	0.280482
wastewater05m1	98	536	11690	8036	8036	0.255956
cvxnonsep_psig20	20	380	2870	2870	2870	0.000003
meanvar-orl400_05_e_8	4405	171604	21923414	21922611	21922611	0.186177
st_e31	301	744	4534	4257	4257	0.258511
pooling_sppc1pq	14100	477680	812210652	136686008	136686008	0.310881
pooling_haverly1pq	31	96	412	403	403	0.192724
graphpart_3g-0244-0244	128	672	33446	32534	32534	0.230871
graphpart_clique-20	80	1260	34885	27856	27856	0.227719
mpbp_48	28368	91016	33835023	16144599	16144599	0.596905
pooling_sppb5pq	18529	674470	523815053	213571545	213571545	0.457721
slay07m	497	1512	5740	5740	5740	0.259493
nvs19	24	200	1353	884	884	0.000004
oil	3270	8430	36313	34760	34760	0.392161
squfl015-060	2775	7200	36400	36400	36400	0.306732
ndcc12persp	1112	5522	299115	284793	284793	0.355180
kissing2	20772	401024	156414018	156414018	156414018	0.325984
nuclear25a	1942	16030	1977163	1136191	1136191	0.427880
clay0204m	222	704	2330	2330	2330	0.258711
st_ph13	23	68	207	178	178	0.123019
edgecross10-030	1053	4654	135854	100080	100080	0.340555
chain200	601	2396	8182	8182	8182	0.235678
ex1223b	25	66	178	178	178	0.147543
slay09h	2718	7488	36057	32385	32385	0.369416
ndcc12	974	5982	345696	329556	329556	0.439234
kall_circlesrectangles_c6r39	1306	5378	75744	74610	74610	0.356251
squfl020-150	9170	24000	135020	135020	135020	0.400529
autocorr_bern40-30	43	1534	20034	20034	20034	0.000009
slay08m	660	2016	7796	7796	7796	0.273211
chimera_mgw-c16-2031-01	2032	15900	3328073	2569662	2569662	0.457328
forest	713	2658	10614	10543	10543	0.356696
qspp_0_10_0_1_10_1	280	29636	1942907	1932414	1932414	0.153082
st_ph1	16	58	274	233	233	0.158320
elf	124	376	2733	2173	2173	0.237288
ex3_1_3	18	36	90	83	83	0.129975
cvxnonsep_normcon40r	162	322	645	645	645	0.000002
demo7	155	618	3579	3426	3426	0.279444
waternd2	615	2580	155674	74817	74817	0.334597
prolog	64	292	1245	1225	1225	0.239794
ex14_1_8	11	30	80	80	80	0.106022
faclay75	272878	1379706	3204527350	3013800414	3013800414	0.430791
st_qpk3	55	548	5467	3762	3762	0.156337
mpbp_34	11556	40860	3093917	891278	891278	0.450986
cvxnonsep_normcon20r	82	162	325	325	325	0.000003
cvxnonsep_psig20r	86	170	341	341	341	0.000001
crudeoil_pooling_dt2	18742	75910	14985540	9947932	9947932	0.454201
rsyn0805m03m	2868	8270	60979	54853	54853	0.545231
st_iqpbk1	22	98	295	295	295	0.000002
waterund01	96	404	4546	3317	3317	0.290254
pointpack04	29	120	577	577	577	0.177364
st_e22	12	30	77	70	70	0.099221
faclay30	16678	82242	13452923	12850431	12850431	0.340177
arki0002	4432	11248	683476	667374	667374	0.365039
transswitch0300p	11659	48446	404940	374416	374416	0.577159
crudeoil_pooling_dt3	30660	152210	48975085	33883414	33883414	0.554127
gasprod_sarawak81	22536	75636	1030380	941231	941231	0.490177
maxcsp-langford-3-11	660	29646	33444033	10360919	10360919	0.332622
p_ball_30b_5p_2d_h	1543	5224	25843	25742	25742	0.276793
ringpack_20_3	6709	45220	2415136	865627	865627	0.360233
waste	4825	21504	1468261	1270649	1270649	0.498683
catmix400	2001	11192	36373	36364	36364	0.217492
rsyn0815m02hfsg	3054	7968	44604	41384	41384	0.407338
p_ball_10b_7p_3d_h	1236	4186	24380	23744	23744	0.282898
chimera_k64ising-02	1225	3846	613390	371142	371142	0.508078
batchs121208m	3404	11462	138030	128816	128816	0.445985
nvs02	11	46	142	142	142	0.141569
wastepaper6	191	1416	16611	16611	16611	0.268273
syn15hfsg	399	1022	3300	3272	3272	0.241247
st_jcbpaf2	36	246	1635	1543	1543	0.176580
camshape400	2000	7188	16768	16768	16768	0.000038
graphpart_clique-30	120	2790	114505	91153	91153	0.243078
graphpart_clique-70	280	14910	1413012	1144894	1144894	0.191505
smallinvDAXr1b010-011	39	1120	13510	13319	13319	0.000006
nd_netgen-2000-3-4-b-a-ns_7	22074	60000	289420	273394	273394	0.286008
slay05m	240	720	2635	2635	2635	0.255692
chimera_selby-c16-01	2031	10964	3605628	2419538	2419538	0.531717
csched1	110	376	975	975	975	0.238420
watercontamination0303r	1310	37028	2171882	2171882	2171882	0.126406
ex9_2_4	15	36	117	117	117	0.110121
sssd15-04	163	440	1625	1625	1625	0.186265
autocorr_bern35-35fix	38	1264	16214	16214	16214	0.000006
sfacloc2_4_90	1491	4500	31682	28843	28843	0.320793
cont6-qq	120395	557994	835894090	581918900	581918900	0.209183
meanvar-orl400_05_e_7	5205	174804	21939414	21935811	21935811	0.179518
glider400	10017	49624	373018	327461	327461	0.298346
syn40m04m	4960	13792	65982	63265	63265	0.457343
ex2_1_3	31	72	189	189	189	0.151276
qapw	705	87496	12183146	12183146	12183146	0.420625
himmel11	14	60	198	198	198	0.142524
syn15m04m	1908	5288	26094	25061	25061	0.308002
pooling_rt2tp	118	654	5876	5796	5796	0.256494
waterund14	333	2204	200484	72184	72184	0.288155
crudeoil_lee4_10	17809	120632	294531623	184173410	184173410	0.729599
pooling_foulds4pq	1294	8302	138692	138540	138540	0.366774
edgecross14-156	3097	19664	1487933	1376964	1376964	0.289502
tspn08	72	668	11074	7600	7600	0.216075
crudeoil_li05	4225	14628	680022	533531	533531	0.455561
procurement1large	14416	41068	13858240	7376882	7376882	0.467055
blend721	1428	4548	77560	66143	66143	0.302399
chimera_selby-c16-02	2031	10878	4280329	2298651	2298651	0.538237
supplychainr1_053050	16640	57800	2173490	2173490	2173490	0.350765
sfacloc2_4_80	5067	21424	93048	88884	88884	0.544891
st_e24	10	26	64	57	57	0.000002
edgecross10-040	1053	5116	161851	143518	143518	0.281646
sonet21v6	8232	40744	1643311	1585871	1585871	0.346254
squfl010-080	2490	6400	27665	27665	27665	0.279134
genpooling_lee2	221	1048	19895	14028	14028	0.252242
popdynm25	2807	13904	360081	286812	286812	0.483708
chp_partload	5211	16740	509170	373134	373134	0.599745
qspp_0_14_0_1_10_1	560	120274	16119226	16038266	16038266	0.208792
st_glmp_ss1	24	66	160	160	160	0.128040
torsion50	2508	29808	1691033	1119054	1119054	0.378494
st_rv2	40	340	2045	2045	2045	0.201029
emfl100_3_3	6885	15948	55506	55506	55506	0.212457
pedigree_sim400	351	23546	1183471	1183168	1183168	0.000079
polygon75	5846	49652	1171822	1171822	1171822	0.000202
gabriel10	244056	1148210	1365442310	1267760679	1267760679	0.412130
fo9_ar25_1	1049	4336	41668	38237	38237	0.265195
rsyn0840m	1159	3168	11274	10602	10602	0.290504
gancns	548	2800	69234	58861	58861	0.364575
o9_ar4_1	1049	4336	41668	38237	38237	0.260271
ex1265a	123	560	3948	3750	3750	0.294612
ex9_2_6	28	68	190	190	190	0.144322
qspp_0_13_0_1_10_1	481	88522	10150185	10097446	10097446	0.164903
slay04m	146	432	1554	1554	1554	0.213546
st_e25	20	92	336	262	262	0.000002
ex8_4_1	32	100	225	225	225	0.203940
st_e07	19	60	199	199	199	0.182179
ex1225	26	66	171	161	161	0.142308
ndcc13	969	5882	525212	324727	324727	0.438403
syn10m04m	1224	3384	13501	13473	13473	0.254511
ex5_2_4	18	62	204	193	193	0.172397
st_m2	72	1226	16331	16331	16331	0.210618
st_bpk1	16	44	115	108	108	0.125056
multiplants_stg1	736	3594	197998	155496	155496	0.451868
powerflow0300p	11251	41918	304705	292256	292256	0.557097
nd_netgen-3000-1-1-b-b-ns_7	33155	90000	922197	885186	885186	0.384233
sonet23v4	803	6462	139703	94348	94348	0.426887
pooling_sppa0pq	1649	24192	3745896	1214182	1214182	0.343457
multiplants_mtg1b	645	4404	229415	152043	152043	0.448351
sssd18-08persp	338	1168	4654	4654	4654	0.276689
ex9_1_2	19	54	188	179	179	0.140093
crudeoil_lee1_07	3670	19322	4746188	3506464	3506464	0.589699
pooling_haverly1tp	31	96	423	403	403	0.190790
waterund08	230	1290	35284	30110	30110	0.230587
kall_diffcircles_6	76	302	1511	1511	1511	0.188602
chimera_mgw-c8-439-onc8-001	440	3040	106479	80090	80090	0.388531
waterund11	160	828	14818	10705	10705	0.273953
chp_shorttermplan2d	16364	52108	4089003	1997381	1997381	0.535214
sporttournament18	156	886	17568	13608	13608	0.317970
cvxnonsep_psig30	30	870	9455	9455	9455	0.000006
ringpack_20_2	6089	40368	1872174	707413	707413	0.340427
blend718	1386	4310	70355	61466	61466	0.309509
wastepaper4	115	724	9711	7183	7183	0.288912
squfl010-040persp	2450	7200	22825	22825	22825	0.279100
crudeoil_lee4_06	10429	55492	65337120	32564806	32564806	0.692487
netmod_kar1	1746	4928	56838	43864	43864	0.435563
ex8_1_7	14	46	137	128	128	0.147643
graphpart_3g-0333-0333	108	648	44928	36228	36228	0.209402
slay05h	760	2080	9815	8795	8795	0.289277
korcns	156	712	7241	6599	6599	0.306283
powerflow0118p	5065	18730	121503	117327	117327	0.530787
sfacloc2_3_80	4799	20600	84672	81119	81119	0.567420
rsyn0820m04m	6028	17372	196890	152980	152980	0.432416
hydroenergy1	1046	3024	14089	14089	14089	0.238694
maxmin	181	1440	8405	8405	8405	0.205620
st_ht	8	18	51	44	44	0.105759
crudeoil_lee2_06	6418	34646	23299675	16292510	16292510	0.653181
kan_r3_h1_n4	3183	14062	104945	98715	98715	0.378119
primary	378	5610	109639	95258	95258	0.265094
syn10m03hfsg	1071	2772	9890	9812	9812	0.259901
wastewater02m1	36	138	848	790	790	0.211897
supplychainr1_022020	4620	15680	273140	273100	273100	0.332685
squfl025-025persp	3800	11250	49925	49925	49925	0.216238
ringpack_30_2	17999	121458	12394600	2873684	2873684	0.594949
nuclear104	39098	257806	103156931	78332024	78332024	0.730554
chp_shorttermplan1a	4952	15700	376486	299825	299825	0.484882
rocket50	555	3488	19983	19265	19265	0.388786
rsyn0840m04m	8508	24272	229914	185120	185120	0.554692
mpbp_21	11716	37660	1691114	1456963	1456963	0.493931
orth_d4m6_pl	172	1096	10938	10703	10703	0.232457
kall_circlespolygons_c1p5b	1681	7432	201759	193841	193841	0.372350
acopf_case9241pegase_qcqp	313068	1292408	34647355	33736789	33736789	0.349589
ex1223	33	82	244	244	244	0.158672
ex6_1_4	10	48	197	153	153	0.151965
powerflow0014r	403	1630	10761	10361	10361	0.294617
knp5-43	2065	31132	3517788	3517788	3517788	0.215641
gabriel09	21688	89702	29373994	26366112	26366112	0.535158
tln2	32	88	233	233	233	0.150294
prob02	22	76	267	232	232	0.176585
blend146	1422	4460	78102	64296	64296	0.313789
mpbp_46	4518	14492	499547	447603	447603	0.408808
tls6	413	2860	18483	17511	17511	0.331657
emfl100_5_5	21925	52300	221650	221650	221650	0.312839
qspp_0_11_0_1_10_1	341	44264	3563707	3531915	3531915	0.142769
p_ball_10b_5p_4d_m	403	1484	13581	13288	13288	0.271882
st_rv9	90	840	6691	6321	6321	0.245371
rsyn0840m02m	3486	9576	47529	44981	44981	0.379331
nvs05	22	84	277	266	266	0.177818
autocorr_bern25-19	28	612	5278	5278	5278	0.000005
sssd20-08persp	356	1232	4960	4960	4960	0.283276
multiplants_stg5	827	3804	377794	155722	155722	0.461720
chimera_rfr-02	2032	15140	3860441	2487302	2487302	0.505181
multiplants_stg1a	726	3510	142058	121443	121443	0.452226
pooling_adhya4pq	170	932	24314	16556	16556	0.241704
nuclear10a	17493	163816	82406325	55754381	55754381	0.557755
sonet24v5	874	7260	185654	110276	110276	0.446049
transswitch2736spr	69651	331010	7933133	7281507	7281507	0.284407
chp_shorttermplan2a	8992	26288	821014	575282	575282	0.415102
catmix200	1001	5592	18173	18164	18164	0.243177
nvs23	27	252	1921	1221	1221	0.000003
oaer	20	40	107	107	107	0.125844
hybriddynamic_fixed	168	388	1103	1103	1103	0.188726
edgecross24-115	16747	77352	35096942	27626301	27626301	0.440821
space25	1178	4334	23567	22528	22528	0.270990
methanol400	23999	151728	2586036	1864047	1864047	0.393399
pooling_foulds5tp	1218	8364	251833	171941	171941	0.422925
pooling_sppa9tp	5040	121302	104609262	16877457	16877457	0.460405
st_miqp2	10	18	37	37	37	0.000001
autocorr_bern30-23	33	878	8940	8940	8940	0.000006
mpbp_15	9858	31692	1496502	1167920	1167920	0.563816
cvxnonsep_psig30r	126	250	501	501	501	0.000004
rsyn0830hfsg	1590	4100	16168	15383	15383	0.350329
crudeoil_pooling_ct1	1271	4642	125127	93863	93863	0.446492
multiplants_stg1c	800	3894	150039	143020	143020	0.451317
st_pan1	11	32	123	94	94	0.111559
multiplants_stg1b	814	3992	308612	187593	187593	0.489403
methanol200	11999	76128	1290836	905945	905945	0.454319
faclay35	26778	132380	33630126	32021838	32021838	0.454293
emfl050_5_5	13175	32300	155400	155400	155400	0.211255
transswitch2383wpr	59853	277562	3946309	3861509	3861509	0.380408
chimera_lga-01	1120	6400	668019	497101	497101	0.414421
gasprod_sarawak16	4596	15316	213850	196064	196064	0.533382
crudeoil_lee4_09	15904	101792	208785578	130655525	130655525	0.725698
arki0013	44909	160172	390472987	157005417	157005417	0.622991
st_m1	42	432	3097	3097	3097	0.171808
mpbp_47	5310	17098	730624	652248	652248	0.522626
rsyn0815m	821	2242	8260	7745	7745	0.371593
arki0016	7993	37208	878890	835794	835794	0.715334
st_glmp_ss2	18	48	121	121	121	0.128277
rsyn0810m02hfsg	2670	6964	36862	34753	34753	0.488410
pointpack06	55	276	1497	1497	1497	0.176479
syn40m04hfsg	6328	16896	76232	73685	73685	0.292643
clay0304m	258	840	2742	2742	2742	0.255870
pooling_foulds5pq	1218	8300	159641	159641	159641	0.335571
clay0305hfsg	1000	2910	12260	11240	11240	0.355105
st_test8	64	232	2343	1964	1964	0.240920
gams05	17364	252910	6179750712	3259322396	3259322396	0.667786
sporttournament08	31	156	862	862	862	0.196407
powerflow0030p	1121	4194	24944	23642	23642	0.320297
popdynm200	22407	105584	2567878	2436690	2436690	0.570223
mpbp_35	11120	40790	3037207	975441	975441	0.556979
syn30m02m	1492	3936	13752	13455	13455	0.342594
wastewater13m1	481	3252	60135	60068	60068	0.295751
syn40hfsg	1022	2624	8432	8155	8155	0.277897
sep1	69	206	1097	1047	1047	0.171807
syn30m03m	2508	6804	26806	26552	26552	0.375428
st_qpc-m3a	30	304	2330	1574	1574	0.000004
crudeoil_pooling_ct3	2644	11426	1381490	866197	866197	0.559927
space25a	634	3246	29078	27875	27875	0.357373
autocorr_bern20-15	23	394	2784	2784	2784	0.000004
ex7_2_1	35	134	352	341	341	0.201381
hydroenergy2	2092	6236	69051	56014	56014	0.501947
pooling_digabel19	514	5340	325989	274903	274903	0.319855
clay0203m	132	420	1348	1348	1348	0.257446
squfl030-150	13680	36000	252605	252605	252605	0.274537
