1	arki0013	ctl	1.22	61e9069b
1	arki0013	fork	1.21	61e9069b
1	arki0016	ctl	1.27	9da387b1
1	arki0016	fork	1.99	9da387b1
1	chp_partload	ctl	1.09	b1cdc27f
1	chp_partload	fork	1.45	b1cdc27f
1	crudeoil_lee4_06	ctl	1.20	c8ec8aa3
1	crudeoil_lee4_06	fork	1.52	fc017539
1	crudeoil_lee4_09	ctl	1.20	d4a9b6c4
1	crudeoil_lee4_09	fork	1.66	d4a9b6c4
1	crudeoil_lee4_10	ctl	1.21	4738bf44
1	crudeoil_lee4_10	fork	1.73	4738bf44
1	crudeoil_lee1_07	ctl	1.01	7cbc0c17
1	crudeoil_lee1_07	fork	1.46	2929d83f
1	gasprod_sarawak16	ctl	1.00	72655b22
1	gasprod_sarawak16	fork	1.36	6dba5550
1	mpbp_47	ctl	0.85	efa109db
1	mpbp_47	fork	1.13	efa109db
1	mpbp_48	ctl	1.07	bf480377
1	mpbp_48	fork	1.07	bf480377
1	powerflow0118p	ctl	0.99	f1199de5
1	powerflow0118p	fork	1.33	f1199de5
1	powerflow0300p	ctl	1.01	fa897c73
1	powerflow0300p	fork	1.30	ff1f3478
1	procurement1large	ctl	1.03	567f2d8d
1	procurement1large	fork	1.32	567f2d8d
1	rsyn0840m04m	ctl	1.08	efd0c037
1	rsyn0840m04m	fork	1.41	efd0c037
1	transswitch0300p	ctl	1.12	3b9d875e
1	transswitch0300p	fork	1.43	3b9d875e
1	hydroenergy2	ctl	0.80	991d6d20
1	hydroenergy2	fork	1.01	991d6d20
1	pinene200	ctl	0.93	ac9d7eb1
1	pinene200	fork	1.21	ac9d7eb1
1	mpbp_15	ctl	1.03	8bdeb2b8
1	mpbp_15	fork	1.32	8bdeb2b8
1	rsyn0815m04m	ctl	0.94	1beaec47
1	rsyn0815m04m	fork	1.26	1beaec47
1	batchs121208m	ctl	0.69	fa5b0174
1	batchs121208m	fork	0.92	fa5b0174
1	chimera_selby-c16-01	ctl	1.12	396febd5
1	chimera_selby-c16-01	fork	1.51	396febd5
1	chimera_selby-c16-02	ctl	1.15	10665d60
1	chimera_selby-c16-02	fork	1.57	10665d60
1	crudeoil_pooling_dt3	ctl	1.00	65479dcc
1	crudeoil_pooling_dt3	fork	0.99	65479dcc
1	chp_shorttermplan2d	ctl	0.99	5de4afef
1	chp_shorttermplan2d	fork	1.30	ccfc6d47
1	waterund14	ctl	0.42	c2d1b192
1	waterund14	fork	0.50	7fa15407
1	chimera_mgw-c8-439-onc8-001	ctl	0.55	26f6e724
1	chimera_mgw-c8-439-onc8-001	fork	0.71	e183c5c6
1	edgecross10-080	ctl	0.42	6d1cf001
1	edgecross10-080	fork	0.62	043ca198
1	gancns	ctl	0.55	0d2b93e8
1	gancns	fork	0.67	aee7ba45
1	multiplants_mtg1b	ctl	0.76	180ead73
1	multiplants_mtg1b	fork	1.20	99c1668e
1	sonet24v5	ctl	0.75	075ddce9
1	sonet24v5	fork	0.96	da3f0820
1	nuclear25a	ctl	0.83	dcc7bff3
1	nuclear25a	fork	1.16	c390eaa7
1	rsyn0810m02hfsg	ctl	0.75	0862c9fd
1	rsyn0810m02hfsg	fork	0.98	a9680e56
1	rsyn0840m02m	ctl	0.69	ac74c14f
1	rsyn0840m02m	fork	0.89	4f054a86
1	syn40m04m	ctl	0.73	962189a5
1	syn40m04m	fork	1.05	742784d4
1	multiplants_stg1a	ctl	0.73	e79868ec
1	multiplants_stg1a	fork	1.00	e79868ec
2	arki0013	ctl	1.21	61e9069b
2	arki0013	fork	1.21	61e9069b
2	arki0016	ctl	1.27	9da387b1
2	arki0016	fork	1.92	9da387b1
2	chp_partload	ctl	1.09	b1cdc27f
2	chp_partload	fork	1.45	b1cdc27f
2	crudeoil_lee4_06	ctl	1.19	c8ec8aa3
2	crudeoil_lee4_06	fork	1.51	fc017539
2	crudeoil_lee4_09	ctl	1.20	d4a9b6c4
2	crudeoil_lee4_09	fork	1.59	d4a9b6c4
2	crudeoil_lee4_10	ctl	1.20	4738bf44
2	crudeoil_lee4_10	fork	1.68	4738bf44
2	crudeoil_lee1_07	ctl	1.00	7cbc0c17
2	crudeoil_lee1_07	fork	1.43	2929d83f
2	gasprod_sarawak16	ctl	1.00	72655b22
2	gasprod_sarawak16	fork	1.31	6dba5550
2	mpbp_47	ctl	0.85	efa109db
2	mpbp_47	fork	1.21	efa109db
2	mpbp_48	ctl	1.07	bf480377
2	mpbp_48	fork	1.06	bf480377
2	powerflow0118p	ctl	0.99	f1199de5
2	powerflow0118p	fork	1.34	f1199de5
2	powerflow0300p	ctl	1.00	fa897c73
2	powerflow0300p	fork	1.28	ff1f3478
2	procurement1large	ctl	1.07	567f2d8d
2	procurement1large	fork	1.31	567f2d8d
2	rsyn0840m04m	ctl	1.08	efd0c037
2	rsyn0840m04m	fork	1.42	efd0c037
2	transswitch0300p	ctl	1.13	3b9d875e
2	transswitch0300p	fork	1.46	3b9d875e
2	hydroenergy2	ctl	0.82	991d6d20
2	hydroenergy2	fork	1.10	991d6d20
2	pinene200	ctl	0.96	ac9d7eb1
2	pinene200	fork	1.30	ac9d7eb1
2	mpbp_15	ctl	1.12	8bdeb2b8
2	mpbp_15	fork	1.35	8bdeb2b8
2	rsyn0815m04m	ctl	0.94	1beaec47
2	rsyn0815m04m	fork	1.27	1beaec47
2	batchs121208m	ctl	0.69	fa5b0174
2	batchs121208m	fork	0.93	fa5b0174
2	chimera_selby-c16-01	ctl	1.11	396febd5
2	chimera_selby-c16-01	fork	1.53	396febd5
2	chimera_selby-c16-02	ctl	1.19	10665d60
2	chimera_selby-c16-02	fork	1.55	10665d60
2	crudeoil_pooling_dt3	ctl	1.00	65479dcc
2	crudeoil_pooling_dt3	fork	0.99	65479dcc
2	chp_shorttermplan2d	ctl	0.99	5de4afef
2	chp_shorttermplan2d	fork	1.29	ccfc6d47
2	waterund14	ctl	0.42	c2d1b192
2	waterund14	fork	0.47	7fa15407
2	chimera_mgw-c8-439-onc8-001	ctl	0.54	26f6e724
2	chimera_mgw-c8-439-onc8-001	fork	0.72	e183c5c6
2	edgecross10-080	ctl	0.42	6d1cf001
2	edgecross10-080	fork	0.56	043ca198
2	gancns	ctl	0.55	0d2b93e8
2	gancns	fork	0.67	aee7ba45
2	multiplants_mtg1b	ctl	0.74	180ead73
2	multiplants_mtg1b	fork	1.02	99c1668e
2	sonet24v5	ctl	0.73	075ddce9
2	sonet24v5	fork	0.92	da3f0820
2	nuclear25a	ctl	0.83	dcc7bff3
2	nuclear25a	fork	1.13	c390eaa7
2	rsyn0810m02hfsg	ctl	0.75	0862c9fd
2	rsyn0810m02hfsg	fork	0.98	a9680e56
2	rsyn0840m02m	ctl	0.68	ac74c14f
2	rsyn0840m02m	fork	0.89	4f054a86
2	syn40m04m	ctl	0.73	962189a5
2	syn40m04m	fork	0.99	742784d4
2	multiplants_stg1a	ctl	0.73	e79868ec
2	multiplants_stg1a	fork	0.97	e79868ec
